dateTime,lat,long,pressure,temperature,humidity,pm1_0,pm2_5,pm10
2021-01-20 09:00:00+05:30,28.633,77.2326,990.75,26.07,40.32,90.14,148.28,168.75
2021-01-16 08:00:00+05:30,28.651,77.2224,990.12,23.2,44.11,164.16,360.01,399.39
2021-01-02 18:00:00+05:30,28.561,77.2938,989.48,32.15,27.63,150.46,243.46,282.69
2020-11-19 13:00:00+05:30,28.552,77.1612,986.98,36.02,19.13,49.25,78.88,83.5
2021-01-11 15:00:00+05:30,28.561,77.1918,990.39,34.38,23.03,48.74,75.33,85.56
2020-12-06 13:00:00+05:30,28.633,77.2326,990.56,33.27,30.08,108.54,183.64,203.13
2020-12-21 16:00:00+05:30,28.498,77.2938,994.95,33.14,19.14,73.09,114.65,124.81
2020-12-04 07:00:00+05:30,28.552,77.1714,985.42,36.25,28.12,107.3,180.27,193.97
2020-12-15 08:00:00+05:30,28.498,77.2938,995.45,25.43,34.65,64.09,107.72,125.61
2021-01-01 09:00:00+05:30,28.498,77.2938,996.13,22.45,38.12,242.83,476.68,517.78
2020-12-30 17:00:00+05:30,28.606,77.2326,993.91,27.63,33.89,94.17,143.83,154.83
2021-01-17 07:00:00+05:30,28.66,77.304,992.37,20.66,39.74,92.0,147.67,155.0
2020-12-12 07:00:00+05:30,28.57,77.202,989.91,24.83,54.42,170.06,303.28,328.94
2020-12-09 16:00:00+05:30,28.651,77.1204,988.34,37.54,21.98,53.17,84.91,92.02
2020-12-29 14:00:00+05:30,28.561,77.2428,992.08,31.45,20.78,68.49,109.17,119.8
2020-11-17 09:00:00+05:30,28.516,77.2938,992.3,31.55,36.86,79.49,124.15,132.51
2021-01-13 16:00:00+05:30,28.597,77.1612,985.24,32.1,23.22,86.33,157.89,171.78
2021-01-01 13:00:00+05:30,28.669,77.2224,993.77,28.27,34.81,281.5,513.42,549.33
2020-12-27 11:00:00+05:30,28.588,77.1612,986.34,31.2,25.17,212.0,393.51,424.26
2020-12-24 17:00:00+05:30,28.516,77.2938,989.91,32.84,22.41,97.09,156.24,169.11
2020-11-30 13:00:00+05:30,28.57,77.1612,990.52,38.42,16.87,93.11,148.83,157.39
2020-12-15 12:00:00+05:30,28.615,77.2734,996.68,33.42,22.3,82.0,133.67,148.33
2021-01-07 11:00:00+05:30,28.552,77.1612,990.63,34.37,30.57,54.71,97.43,105.71
2020-12-09 05:00:00+05:30,28.615,77.2326,991.39,22.05,50.94,172.59,305.12,345.5
2021-01-02 05:00:00+05:30,28.579,77.253,992.24,17.72,50.26,161.0,313.0,364.0
2020-12-23 07:00:00+05:30,28.588,77.1612,987.12,22.58,37.71,274.47,570.89,613.95
2021-01-18 23:00:00+05:30,28.552,77.2938,991.88,25.65,42.98,255.4,534.0,611.0
2021-01-03 15:00:00+05:30,28.588,77.253,989.0,30.44,42.09,40.4,58.74,68.14
2021-01-02 11:00:00+05:30,28.561,77.2734,992.45,29.44,41.06,82.23,131.5,140.58
2020-12-01 07:00:00+05:30,28.57,77.2326,986.78,24.95,39.55,169.84,286.78,308.44
2020-12-20 05:00:00+05:30,28.543,77.253,993.57,17.19,46.2,133.4,217.2,235.6
2020-12-12 14:00:00+05:30,28.615,77.2836,992.17,34.09,33.32,148.26,260.0,285.77
2020-12-23 21:00:00+05:30,28.588,77.2326,988.05,31.2,28.03,133.0,235.63,255.33
2021-01-15 17:00:00+05:30,28.552,77.2632,988.1,33.55,26.15,135.58,234.57,254.02
2020-11-02 14:00:00+05:30,28.489,77.2938,989.87,42.98,10.83,112.94,179.06,189.7
2021-01-27 11:00:00+05:30,28.669,77.253,994.57,29.76,27.79,126.86,209.34,224.21
2020-12-05 12:00:00+05:30,28.624,77.2326,1002.79,34.59,30.35,129.0,222.5,238.62
2021-01-05 14:00:00+05:30,28.561,77.2326,990.91,35.53,34.21,83.81,124.77,134.2
2021-01-13 20:00:00+05:30,28.606,77.2734,991.0,30.4,25.41,126.1,201.05,211.0
2021-01-30 17:00:00+05:30,28.633,77.2122,991.33,33.56,16.61,66.37,107.7,116.54
2020-12-01 13:00:00+05:30,28.57,77.2632,994.79,38.02,17.59,75.38,116.5,121.75
2021-01-23 11:00:00+05:30,28.561,77.2428,989.76,26.13,36.65,89.85,154.49,170.83
2020-12-29 20:00:00+05:30,28.651,77.3142,993.94,29.51,22.14,80.35,140.26,170.09
2020-12-24 22:00:00+05:30,28.579,77.2428,991.01,26.56,30.54,198.69,320.31,326.31
2021-01-23 09:00:00+05:30,28.588,77.2326,989.07,25.43,41.88,80.07,137.61,151.75
2021-01-25 11:00:00+05:30,28.561,77.2428,995.83,26.02,35.4,83.88,144.12,161.96
2020-12-11 21:00:00+05:30,28.552,77.202,994.45,32.28,24.44,41.55,70.45,79.38
2021-01-18 20:00:00+05:30,28.57,77.1714,987.04,30.15,32.31,176.6,320.95,349.9
2021-01-03 14:00:00+05:30,28.615,77.1306,988.0,30.91,41.18,70.87,109.84,119.19
2020-12-04 13:00:00+05:30,28.552,77.202,990.09,39.05,18.15,66.7,108.7,116.42
2020-12-06 06:00:00+05:30,28.642,77.2326,988.78,25.35,49.22,145.29,250.12,278.51
2020-12-16 19:00:00+05:30,28.615,77.2326,995.9,27.48,28.49,72.48,111.56,120.68
2020-11-15 08:00:00+05:30,28.588,77.2224,988.61,25.45,45.8,178.33,352.33,382.33
2021-01-23 11:00:00+05:30,28.561,77.2632,997.07,26.5,36.54,105.16,190.67,206.16
2021-01-08 00:00:00+05:30,28.543,77.2734,985.52,28.84,36.78,75.97,129.16,141.28
2021-01-15 17:00:00+05:30,28.66,77.2326,987.98,33.1,30.46,176.56,288.68,311.6
2021-01-13 12:00:00+05:30,28.597,77.1612,988.49,29.63,27.15,131.5,230.5,259.0
2020-12-16 18:00:00+05:30,28.561,77.1918,994.47,31.0,21.66,58.39,90.05,102.95
2021-01-03 21:00:00+05:30,28.57,77.2224,989.66,23.46,55.51,67.88,99.12,105.56
2020-11-02 09:00:00+05:30,28.624,77.2326,992.5,33.44,23.65,96.24,147.28,157.41
2020-11-02 21:00:00+05:30,28.543,77.2734,989.53,30.19,30.93,138.74,216.66,235.54
2021-01-30 12:00:00+05:30,28.651,77.304,993.87,35.04,15.03,60.15,89.82,91.12
2020-11-03 12:00:00+05:30,28.579,77.2224,990.37,39.45,10.65,36.72,55.86,70.47
2020-11-27 07:00:00+05:30,28.579,77.2224,989.54,21.58,50.3,63.54,107.64,114.74
2020-12-14 12:00:00+05:30,28.579,77.202,993.72,29.55,26.75,40.94,70.0,78.12
2020-12-17 22:00:00+05:30,28.606,77.2836,994.99,24.92,28.72,126.83,198.83,203.83
2020-12-18 06:00:00+05:30,28.543,77.2734,992.81,20.8,36.24,114.27,198.27,213.48
2020-11-13 06:00:00+05:30,28.561,77.1816,991.69,30.7,36.29,142.75,231.31,260.44
2020-11-21 21:00:00+05:30,28.615,77.2326,990.36,30.65,25.35,145.46,241.31,259.76
2021-01-30 14:00:00+05:30,28.597,77.202,991.95,34.95,14.53,64.88,97.93,103.35
2021-01-20 21:00:00+05:30,28.615,77.2836,990.88,28.53,33.05,84.55,148.45,165.41
2020-12-20 05:00:00+05:30,28.588,77.2428,995.75,16.31,44.48,140.17,250.44,281.44
2020-12-06 08:00:00+05:30,28.543,77.2632,987.9,33.65,34.21,180.0,331.6,357.3
2020-12-30 15:00:00+05:30,28.561,77.2836,995.19,37.05,17.19,77.74,129.65,144.68
2020-12-17 12:00:00+05:30,28.615,77.2938,997.56,27.54,24.04,72.78,118.56,121.44
2021-01-24 15:00:00+05:30,28.606,77.2836,992.06,28.44,34.51,83.0,135.0,140.0
2021-01-04 16:00:00+05:30,28.633,77.304,990.56,32.96,39.68,110.0,162.25,164.48
2021-01-29 17:00:00+05:30,28.651,77.2938,990.23,37.42,16.36,50.5,77.5,83.0
2021-01-27 22:00:00+05:30,28.615,77.2938,993.71,30.21,24.09,160.5,243.61,247.72
2020-12-28 06:00:00+05:30,28.588,77.202,990.63,18.5,38.8,82.33,133.67,146.22
2021-01-27 13:00:00+05:30,28.561,77.2122,993.46,35.6,14.34,61.64,94.08,98.94
2020-12-12 21:00:00+05:30,28.588,77.2224,992.2,27.34,44.19,170.94,294.9,322.46
2020-12-12 01:00:00+05:30,28.552,77.1612,989.41,32.26,25.21,48.38,74.0,79.38
2021-01-12 09:00:00+05:30,28.561,77.2326,992.51,24.71,39.12,135.23,244.95,267.17
2021-01-20 11:00:00+05:30,28.606,77.2836,992.88,30.38,26.84,58.0,90.5,93.5
2020-11-25 15:00:00+05:30,28.525,77.2224,976.14,23.54,38.01,107.0,186.67,205.17
2020-11-15 19:00:00+05:30,28.597,77.253,988.34,33.98,31.97,73.87,121.93,132.33
2021-01-19 16:00:00+05:30,28.588,77.253,987.89,35.77,23.67,71.07,108.53,111.53
2021-01-04 21:00:00+05:30,28.588,77.2326,991.64,28.55,51.65,36.93,55.06,66.76
2020-11-03 06:00:00+05:30,28.543,77.2632,988.51,26.84,32.0,119.0,195.0,205.0
2020-11-29 13:00:00+05:30,28.498,77.2938,993.93,37.91,16.17,60.78,94.83,103.83
2020-12-10 14:00:00+05:30,28.66,77.2326,989.16,35.8,24.29,68.12,104.88,113.84
2020-12-21 12:00:00+05:30,28.552,77.2734,994.45,39.81,16.2,114.5,186.5,204.0
2021-01-25 18:00:00+05:30,28.633,77.2938,990.56,33.36,27.44,68.48,126.1,139.17
2020-11-03 18:00:00+05:30,28.651,77.2836,988.38,37.78,17.71,69.22,103.34,114.5
2021-01-15 00:00:00+05:30,28.561,77.2428,990.02,27.94,32.6,231.47,435.64,470.83
2021-01-30 20:00:00+05:30,28.633,77.2428,991.18,28.04,30.66,143.05,219.55,237.4
2020-11-22 19:00:00+05:30,28.57,77.2326,991.31,26.1,25.35,53.36,79.96,85.44
2020-12-21 22:00:00+05:30,28.588,77.2428,980.39,26.51,33.41,213.17,386.17,413.33
2021-01-12 07:00:00+05:30,28.579,77.1714,988.66,21.57,38.71,124.46,221.36,241.5
2021-01-23 08:00:00+05:30,28.498,77.2836,988.07,22.53,45.3,79.21,133.33,148.54
2021-01-13 15:00:00+05:30,28.57,77.1816,987.97,32.01,22.95,108.4,180.2,198.8
2020-12-07 20:00:00+05:30,28.669,77.2836,993.08,33.68,37.24,161.19,260.17,284.46
2021-01-30 08:00:00+05:30,28.633,77.2734,992.55,23.15,34.99,109.69,184.0,194.77
2020-11-04 13:00:00+05:30,28.624,77.2632,987.71,37.89,22.29,264.05,505.29,543.03
2021-01-20 08:00:00+05:30,28.66,77.1204,990.03,23.01,38.97,61.62,122.98,142.2
2021-01-04 20:00:00+05:30,28.642,77.2326,993.27,27.09,48.94,45.87,70.64,79.37
2020-12-02 18:00:00+05:30,28.696,77.202,994.15,24.72,39.05,116.2,186.9,199.7
2021-01-10 05:00:00+05:30,28.57,77.2224,990.79,20.05,47.49,59.53,107.74,122.84
2020-12-31 14:00:00+05:30,28.561,77.202,992.39,31.53,24.17,105.86,165.4,177.31
2021-01-27 08:00:00+05:30,28.516,77.2836,993.48,22.67,38.56,125.44,219.0,242.0
2020-11-26 18:00:00+05:30,28.57,77.2326,991.34,35.34,23.94,41.0,71.0,77.0
2020-12-30 14:00:00+05:30,28.606,77.2326,978.0,17.74,48.38,100.97,178.38,199.1
2021-01-28 10:00:00+05:30,28.606,77.2632,996.64,28.44,30.5,154.0,280.0,306.25
2021-01-22 22:00:00+05:30,28.633,77.2734,988.27,28.18,34.87,150.0,270.62,296.38
2020-12-26 17:00:00+05:30,28.588,77.2326,989.76,31.69,23.59,83.57,136.41,149.28
2020-12-12 07:00:00+05:30,28.597,77.202,990.49,24.74,54.88,176.84,313.64,338.84
2020-12-26 14:00:00+05:30,28.597,77.1612,988.06,36.5,18.0,91.18,143.12,158.65
2020-12-12 01:00:00+05:30,28.57,77.1714,989.8,32.53,26.02,44.29,70.86,78.29
2020-11-15 14:00:00+05:30,28.651,77.1204,988.71,37.36,22.21,89.12,147.41,164.06
2021-01-04 10:00:00+05:30,28.534,77.2734,993.4,29.39,46.27,83.99,129.55,139.93
2020-12-13 12:00:00+05:30,28.498,77.2938,991.58,32.89,26.73,51.32,76.99,85.84
2020-11-24 10:00:00+05:30,28.633,77.2938,994.47,32.67,26.45,143.67,227.56,243.56
2021-01-13 16:00:00+05:30,28.606,77.2632,990.15,32.37,19.88,64.8,103.0,105.6
2020-12-24 14:00:00+05:30,28.57,77.1816,989.3,37.7,19.0,109.77,176.92,195.31
2020-12-17 11:00:00+05:30,28.597,77.2326,997.36,26.26,28.23,69.22,120.49,131.36
2021-01-17 08:00:00+05:30,28.534,77.2632,989.23,18.09,46.51,90.53,153.53,173.67
2021-01-14 22:00:00+05:30,28.642,77.2938,988.9,28.75,34.34,322.89,671.22,722.5
2021-01-05 08:00:00+05:30,28.642,77.304,992.53,27.82,41.42,32.38,47.7,57.51
2021-01-07 20:00:00+05:30,28.597,77.2326,989.78,28.73,42.07,90.81,150.0,170.46
2020-12-29 16:00:00+05:30,28.624,77.2734,992.72,30.95,18.75,45.34,70.96,79.97
2021-01-25 21:00:00+05:30,28.57,77.202,993.95,29.98,27.77,120.55,183.88,194.91
2021-01-18 22:00:00+05:30,28.642,77.3142,991.29,31.38,29.57,202.56,313.37,318.86
2020-11-20 07:00:00+05:30,28.633,77.2224,992.01,23.81,37.34,137.89,237.22,257.67
2020-12-06 07:00:00+05:30,28.525,77.2836,990.74,26.2,46.32,145.03,254.89,276.0
2021-01-04 13:00:00+05:30,28.624,77.2632,988.18,35.58,33.51,131.71,207.53,216.47
2020-12-20 11:00:00+05:30,28.498,77.2938,996.72,30.36,22.3,110.65,178.02,191.72
2021-01-18 12:00:00+05:30,28.525,77.2836,998.92,29.48,36.38,96.34,166.95,186.38
2021-01-16 07:00:00+05:30,28.633,77.1306,987.89,22.93,45.28,155.0,292.33,311.0
2020-12-17 08:00:00+05:30,28.57,77.1816,997.35,23.61,32.98,62.33,103.33,124.33
2020-11-17 10:00:00+05:30,28.66,77.2224,992.97,32.8,33.36,79.19,121.97,130.69
2021-01-10 08:00:00+05:30,28.624,77.2326,991.91,21.88,46.66,60.81,111.64,127.3
2021-01-16 21:00:00+05:30,28.633,77.2836,988.62,28.78,31.36,127.95,188.82,191.79
2021-01-03 16:00:00+05:30,28.642,77.1204,987.53,30.43,40.21,53.62,87.07,96.45
2021-01-15 13:00:00+05:30,28.534,77.2836,990.63,32.1,30.03,173.57,291.7,310.54
2021-01-05 22:00:00+05:30,28.561,77.2326,990.56,28.51,43.3,69.17,110.99,122.42
2020-12-23 17:00:00+05:30,28.615,77.2836,989.66,33.7,21.25,92.36,149.06,153.13
2020-12-27 08:00:00+05:30,28.651,77.2938,989.23,24.46,39.01,150.5,277.75,298.38
2020-11-21 19:00:00+05:30,28.516,77.2938,990.27,33.02,21.64,80.38,135.01,148.08
2020-12-08 11:00:00+05:30,28.606,77.2836,995.59,32.72,32.59,121.0,214.0,220.0
2021-01-07 10:00:00+05:30,28.561,77.2734,993.4,32.86,35.51,62.5,120.0,145.0
2021-01-17 22:00:00+05:30,28.534,77.2836,993.34,27.62,30.38,88.82,151.45,164.91
2021-01-18 21:00:00+05:30,28.57,77.202,990.52,30.55,29.44,154.5,243.79,259.12
2021-01-24 07:00:00+05:30,28.561,77.2632,990.3,24.61,43.91,132.13,214.4,219.07
2021-01-07 07:00:00+05:30,28.516,77.2734,990.41,25.51,50.13,61.32,108.06,121.77
2020-12-22 15:00:00+05:30,28.633,77.3142,991.03,36.55,16.74,132.06,231.67,258.56
2020-12-06 14:00:00+05:30,28.489,77.304,987.59,39.83,20.84,100.59,178.94,190.95
2020-12-28 08:00:00+05:30,28.624,77.253,990.27,24.05,31.0,108.68,191.84,203.84
2020-12-12 12:00:00+05:30,28.561,77.2122,993.13,29.89,35.62,102.65,168.16,179.74
2021-01-29 10:00:00+05:30,28.642,77.304,997.13,33.9,23.35,121.59,214.52,238.78
2021-01-28 07:00:00+05:30,28.489,77.2938,993.63,20.33,47.16,216.95,485.14,537.95
2021-01-28 11:00:00+05:30,28.633,77.2122,996.57,31.14,23.14,104.38,171.81,191.5
2020-11-23 12:00:00+05:30,28.561,77.2428,992.72,35.4,16.44,84.74,130.65,139.08
2020-12-31 07:00:00+05:30,28.624,77.2734,995.3,20.11,41.85,121.2,207.69,222.71
2020-11-28 16:00:00+05:30,28.633,77.2836,992.19,36.66,19.26,52.47,78.75,86.46
2020-11-20 16:00:00+05:30,28.624,77.1306,987.63,37.06,16.36,42.68,67.34,76.2
2021-01-05 23:00:00+05:30,28.543,77.2632,990.23,32.09,34.35,53.25,78.6,84.95
2021-01-28 10:00:00+05:30,28.579,77.2632,996.39,27.61,32.27,175.17,307.33,330.67
2020-11-19 10:00:00+05:30,28.597,77.1612,987.38,32.71,25.74,60.83,97.83,101.17
2021-01-01 12:00:00+05:30,28.633,77.3142,996.09,28.24,29.19,227.83,422.0,436.33
2020-11-15 12:00:00+05:30,28.651,77.2836,1005.39,34.3,28.76,133.3,232.52,250.34
2020-12-01 12:00:00+05:30,28.633,77.2836,996.36,37.06,22.7,152.4,265.0,292.4
2020-11-03 11:00:00+05:30,28.633,77.2326,991.09,40.05,20.32,80.62,123.51,132.74
2020-12-22 06:00:00+05:30,28.579,77.1714,988.99,25.44,34.3,209.88,370.17,413.0
2021-01-12 15:00:00+05:30,28.516,77.2938,991.73,33.84,22.11,98.43,154.17,163.61
2020-12-24 10:00:00+05:30,28.615,77.2836,994.67,32.18,27.3,194.78,357.05,397.0
2021-01-27 22:00:00+05:30,28.588,77.2224,993.83,26.48,29.18,154.18,246.67,262.11
2020-12-27 12:00:00+05:30,28.561,77.2938,991.15,34.66,22.89,145.67,266.48,307.93
2020-12-28 10:00:00+05:30,28.525,77.2836,992.88,30.53,16.58,43.08,70.24,82.72
2020-12-06 08:00:00+05:30,28.66,77.1204,987.9,33.65,34.21,180.43,332.14,354.86
2021-01-10 12:00:00+05:30,28.579,77.2632,994.18,33.33,20.61,50.94,87.75,102.69
2021-01-16 08:00:00+05:30,28.651,77.2938,988.49,22.27,49.94,143.88,281.88,310.25
2020-12-08 07:00:00+05:30,28.651,77.3142,995.29,26.45,44.48,137.5,252.93,288.5
2020-12-11 13:00:00+05:30,28.696,77.151,994.99,32.16,33.24,133.0,220.15,231.35
2020-12-03 19:00:00+05:30,28.561,77.2734,991.15,32.64,30.04,152.59,273.91,301.66
2020-11-01 09:00:00+05:30,28.543,77.253,989.75,32.4,24.61,212.8,378.8,404.0
2021-01-16 08:00:00+05:30,28.624,77.2632,987.74,23.62,47.57,142.12,279.24,303.76
2021-01-21 16:00:00+05:30,28.561,77.1918,986.58,39.31,15.31,49.58,71.14,80.95
2020-12-25 07:00:00+05:30,28.597,77.2326,991.29,16.64,55.96,174.62,321.69,345.69
2020-12-08 12:00:00+05:30,28.597,77.1612,989.73,36.69,26.89,102.44,189.78,207.03
2020-11-22 04:00:00+05:30,28.579,77.2224,990.07,23.99,32.5,118.39,208.21,226.02
2021-01-08 12:00:00+05:30,28.597,77.2632,992.94,30.89,30.51,57.59,107.71,124.65
2021-01-02 12:00:00+05:30,28.57,77.202,993.04,28.32,35.23,188.5,333.5,367.5
2020-11-13 20:00:00+05:30,28.642,77.253,991.74,29.02,35.81,146.29,231.07,253.43
2021-01-30 09:00:00+05:30,28.615,77.2734,993.42,25.68,29.8,88.0,135.25,136.5
2021-01-13 15:00:00+05:30,28.579,77.2224,990.31,34.66,20.48,104.52,172.2,184.38
2020-11-13 10:00:00+05:30,28.597,77.2632,996.04,35.9,24.56,147.57,250.21,270.93
2021-01-08 03:00:00+05:30,28.588,77.253,987.42,22.73,53.24,67.95,127.11,139.21
2021-01-20 12:00:00+05:30,28.534,77.2632,989.67,27.45,31.89,72.23,117.64,132.14
2021-01-13 15:00:00+05:30,28.597,77.2632,990.5,32.14,21.11,85.47,147.33,164.4
2021-01-14 21:00:00+05:30,28.534,77.2734,990.83,27.92,33.94,230.38,441.77,475.1
2021-01-02 12:00:00+05:30,28.525,77.2836,991.72,24.44,40.59,155.89,292.19,326.12
2020-12-01 14:00:00+05:30,28.597,77.2632,993.23,37.18,20.95,57.67,98.0,106.67
2021-01-21 06:00:00+05:30,28.597,77.253,987.87,25.56,36.2,95.27,170.53,185.27
2021-01-15 22:00:00+05:30,28.498,77.304,990.45,26.12,40.57,251.0,484.0,509.5
2020-11-29 19:00:00+05:30,28.516,77.2938,991.31,30.6,26.45,97.31,158.02,173.44
2020-12-19 21:00:00+05:30,28.579,77.253,995.01,29.46,22.69,142.39,236.39,263.33
2020-11-26 19:00:00+05:30,28.597,77.202,993.06,34.98,28.18,28.0,42.0,54.0
2021-01-07 16:00:00+05:30,28.651,77.2326,989.35,31.82,36.94,61.32,103.86,118.43
2021-01-28 22:00:00+05:30,28.633,77.2122,994.53,29.73,28.49,195.71,330.43,349.14
2021-01-10 10:00:00+05:30,28.543,77.2734,991.52,25.9,35.04,61.51,106.44,118.07
2021-01-20 13:00:00+05:30,28.552,77.253,991.98,34.03,24.67,69.33,114.04,128.45
2020-12-01 17:00:00+05:30,28.561,77.2632,992.16,36.57,21.33,90.69,153.69,174.23
2021-01-12 07:00:00+05:30,28.561,77.1816,990.22,21.48,39.16,124.04,229.12,253.5
2020-11-19 06:00:00+05:30,28.66,77.3142,990.06,28.6,30.01,109.25,174.11,192.18
2021-01-25 13:00:00+05:30,28.579,77.202,994.94,31.34,24.48,75.62,125.0,135.9
2020-12-11 16:00:00+05:30,28.651,77.1204,1004.53,38.2,24.02,108.63,167.9,177.63
2020-11-15 14:00:00+05:30,28.489,77.2938,987.37,38.61,21.65,94.05,159.6,171.25
2021-01-19 11:00:00+05:30,28.588,77.2122,992.61,30.82,30.99,142.7,236.0,248.3
2020-11-25 07:00:00+05:30,28.642,77.3142,994.1,29.43,28.99,199.41,375.01,407.7
2021-01-04 15:00:00+05:30,28.552,77.2734,990.96,37.45,29.7,69.0,102.67,112.33
2020-12-08 14:00:00+05:30,28.597,77.1408,990.42,39.59,18.6,66.0,101.83,114.33
2020-12-31 22:00:00+05:30,28.624,77.2224,993.43,23.48,35.43,191.69,317.59,346.25
2020-12-30 23:00:00+05:30,28.624,77.2428,995.93,25.45,32.48,177.87,336.15,376.13
2021-01-10 07:00:00+05:30,28.561,77.2122,990.93,20.9,44.32,69.34,122.77,137.93
2020-11-04 13:00:00+05:30,28.516,77.2938,988.38,36.96,21.41,200.48,382.03,408.97
2021-01-16 09:00:00+05:30,28.57,77.2326,989.87,24.24,46.24,146.29,295.14,321.36
2021-01-09 19:00:00+05:30,28.624,77.2122,989.2,30.68,37.45,93.96,147.45,158.86
2020-11-22 17:00:00+05:30,28.606,77.2632,991.61,36.57,15.79,34.0,53.0,71.0
2020-12-10 20:00:00+05:30,28.543,77.1714,990.89,35.83,28.69,109.0,172.0,178.33
2020-12-22 09:00:00+05:30,28.579,77.2632,994.19,23.39,40.34,199.32,373.63,388.47
2021-01-19 16:00:00+05:30,28.606,77.2734,988.71,35.61,24.28,69.64,106.88,108.4
2020-12-24 18:00:00+05:30,28.561,77.2326,989.37,32.33,25.15,99.74,158.58,177.37
2020-11-14 09:00:00+05:30,28.534,77.2734,992.15,28.46,40.63,237.72,456.04,494.41
2020-12-11 09:00:00+05:30,28.507,77.2938,992.4,28.83,39.99,116.58,192.25,212.35
2020-12-16 21:00:00+05:30,28.633,77.2938,995.99,27.96,29.15,119.39,195.05,205.62
2020-12-28 18:00:00+05:30,28.516,77.2836,991.89,32.42,14.16,33.67,50.17,63.67
2020-11-23 05:00:00+05:30,28.579,77.2326,983.84,22.14,41.68,129.77,215.93,229.14
2020-12-23 12:00:00+05:30,28.642,77.304,993.29,32.41,22.17,139.3,239.04,245.78
2021-01-08 21:00:00+05:30,28.552,77.1612,988.73,32.19,30.68,87.83,141.67,150.17
2020-12-03 15:00:00+05:30,28.66,77.2836,989.07,36.89,23.22,101.07,152.84,163.4
2020-11-15 13:00:00+05:30,28.588,77.1714,986.79,37.81,23.15,107.0,174.0,178.0
2020-12-07 21:00:00+05:30,28.561,77.253,993.09,29.39,43.71,168.5,291.49,310.59
2021-01-21 23:00:00+05:30,28.561,77.2326,988.96,26.6,37.07,233.7,375.88,393.95
2021-01-01 09:00:00+05:30,28.615,77.2938,996.51,19.76,41.1,263.0,509.5,533.0
2020-12-07 16:00:00+05:30,28.525,77.2836,991.81,37.1,26.29,114.97,191.06,215.63
2020-12-28 06:00:00+05:30,28.561,77.202,990.36,21.37,34.38,75.63,128.51,145.29
2021-01-20 08:00:00+05:30,28.579,77.253,981.92,21.03,48.19,87.54,171.07,190.39
2021-01-27 20:00:00+05:30,28.597,77.253,992.16,30.78,23.48,74.53,105.47,108.13
2020-12-06 13:00:00+05:30,28.615,77.2938,992.84,34.73,28.25,141.0,246.43,254.0
2020-12-06 06:00:00+05:30,28.588,77.2224,990.54,22.89,53.99,149.71,279.94,287.59
2020-11-17 03:00:00+05:30,28.57,77.2224,991.13,31.24,43.27,79.13,123.76,131.67
2020-12-10 20:00:00+05:30,28.633,77.2734,990.62,31.77,38.58,150.71,229.0,253.86
2021-01-07 17:00:00+05:30,28.543,77.2632,988.2,31.81,32.91,63.58,104.77,115.56
2021-01-28 11:00:00+05:30,28.561,77.2224,995.21,31.03,25.1,128.62,209.27,225.89
2020-12-08 14:00:00+05:30,28.624,77.1306,991.23,39.53,18.24,69.22,109.7,125.22
2020-11-22 06:00:00+05:30,28.498,77.2938,991.14,25.87,28.78,119.58,209.84,229.98
2020-11-04 05:00:00+05:30,28.525,77.2836,988.87,25.14,34.84,90.38,147.1,164.81
2020-12-29 21:00:00+05:30,28.597,77.2632,994.13,26.21,26.24,77.96,126.07,139.7
2021-01-25 07:00:00+05:30,28.525,77.2632,991.53,20.43,44.09,75.5,134.03,148.5
2021-01-28 05:00:00+05:30,28.552,77.2632,992.32,20.71,44.7,185.69,333.43,378.87
2021-01-18 19:00:00+05:30,28.561,77.1918,988.56,30.91,31.83,161.08,283.46,308.31
2020-11-01 03:00:00+05:30,28.57,77.2224,989.09,30.94,27.0,257.46,494.58,547.58
2020-12-11 04:00:00+05:30,28.552,77.1714,989.34,36.57,28.69,106.96,173.85,185.35
2020-11-17 21:00:00+05:30,28.489,77.2938,988.3,34.8,27.02,59.11,95.61,105.09
2020-12-09 10:00:00+05:30,28.624,77.2428,993.21,33.13,37.35,181.14,288.14,310.86
2020-12-23 21:00:00+05:30,28.606,77.2632,991.12,30.49,25.73,161.0,277.0,309.0
2021-01-04 17:00:00+05:30,28.66,77.2734,988.0,35.13,38.95,129.11,197.44,212.0
2020-12-08 16:00:00+05:30,28.579,77.253,991.37,36.27,21.96,77.3,130.89,145.73
2020-11-20 06:00:00+05:30,28.588,77.1714,987.35,26.86,31.82,139.0,232.0,251.0
2021-01-29 15:00:00+05:30,28.615,77.1306,990.31,33.11,20.44,51.44,83.33,88.89
2020-12-07 18:00:00+05:30,28.525,77.2836,991.13,32.88,36.11,133.75,238.55,257.8
2020-12-25 22:00:00+05:30,28.624,77.2632,989.15,30.1,26.39,173.87,298.93,318.87
2020-12-11 14:00:00+05:30,28.552,77.2734,990.27,35.26,18.99,29.0,45.5,56.5
2020-12-28 21:00:00+05:30,28.624,77.253,990.13,29.17,21.09,86.05,142.84,155.37
2020-11-13 20:00:00+05:30,28.633,77.253,991.57,28.67,35.92,131.04,208.87,227.35
2020-12-28 09:00:00+05:30,28.615,77.2734,993.24,27.44,23.98,75.0,117.0,123.5
2020-12-06 18:00:00+05:30,28.489,77.2938,990.14,32.14,29.45,113.55,185.36,192.0
2020-12-23 11:00:00+05:30,28.606,77.2632,993.61,31.66,27.05,191.6,335.4,342.2
2021-01-20 07:00:00+05:30,28.507,77.2938,990.2,21.82,44.29,79.48,146.62,166.03
2020-11-28 12:00:00+05:30,28.579,77.253,996.68,34.51,22.72,84.08,131.83,139.53
2021-01-20 13:00:00+05:30,28.534,77.2734,990.07,33.99,24.1,66.2,109.11,121.71
2021-01-13 09:00:00+05:30,28.57,77.253,994.35,25.68,35.97,104.48,187.94,215.34
2020-11-21 20:00:00+05:30,28.588,77.1714,992.85,33.0,22.5,56.0,94.0,101.0
2020-12-02 12:00:00+05:30,28.642,77.3142,1126.38,115.9,27.47,103.11,179.44,186.32
2021-01-04 15:00:00+05:30,28.543,77.2632,989.04,33.24,34.93,65.36,99.28,101.64
2020-12-14 10:00:00+05:30,28.561,77.1816,993.31,29.45,28.86,44.77,75.36,88.41
2020-12-29 08:00:00+05:30,28.588,77.1612,989.36,23.32,31.38,110.35,189.7,207.8
2020-12-10 21:00:00+05:30,28.561,77.2326,991.01,31.92,34.38,115.93,181.1,195.56
2020-11-16 17:00:00+05:30,28.651,77.2938,989.14,35.91,34.12,48.0,81.67,88.0
2021-01-24 13:00:00+05:30,28.588,77.202,992.79,30.32,30.6,106.93,183.25,201.86
2021-01-05 23:00:00+05:30,28.588,77.2326,990.73,27.87,47.0,68.66,100.0,105.95
2021-01-13 21:00:00+05:30,28.579,77.2224,991.63,27.39,30.63,250.62,447.87,492.17
2020-12-07 06:00:00+05:30,28.597,77.202,990.31,27.91,46.46,168.42,298.58,339.68
2020-12-24 09:00:00+05:30,28.579,77.253,993.19,23.5,41.2,194.89,369.89,383.56
2021-01-07 12:00:00+05:30,28.597,77.2326,991.94,32.05,36.69,62.02,106.18,122.1
2020-11-21 06:00:00+05:30,28.606,77.2734,992.2,28.06,27.0,69.6,111.55,119.9
2020-12-29 15:00:00+05:30,28.57,77.202,991.21,30.12,20.67,53.42,83.37,91.63
2021-01-21 13:00:00+05:30,28.516,77.2836,989.13,34.46,17.45,49.4,79.13,88.67
2021-01-20 17:00:00+05:30,28.606,77.2326,988.69,31.04,34.39,113.6,195.41,212.74
2020-12-09 15:00:00+05:30,28.57,77.1816,987.33,39.64,17.9,57.78,92.67,102.56
2021-01-11 07:00:00+05:30,28.642,77.304,993.19,22.17,39.68,67.81,121.13,135.47
2020-12-22 19:00:00+05:30,28.597,77.202,988.29,29.91,29.03,116.28,178.95,195.26
2021-01-20 15:00:00+05:30,28.57,77.2326,989.23,31.27,28.83,60.76,102.14,113.14
2020-11-13 22:00:00+05:30,28.624,77.304,981.35,30.6,32.74,197.0,373.56,391.78
2020-12-11 06:00:00+05:30,28.651,77.2326,990.94,26.02,44.58,109.32,172.37,186.46
2020-12-21 15:00:00+05:30,28.543,77.2632,990.29,33.95,19.21,91.5,145.67,155.53
2020-12-21 17:00:00+05:30,28.534,77.2836,990.27,33.88,19.11,83.4,132.9,141.6
2020-11-15 08:00:00+05:30,28.561,77.2632,992.54,28.39,34.44,165.53,307.72,345.22
2021-01-01 10:00:00+05:30,28.615,77.2836,997.34,25.03,33.15,268.72,599.19,696.86
2020-12-15 22:00:00+05:30,28.579,77.2224,995.92,25.68,34.98,104.09,169.01,185.01
2021-01-05 20:00:00+05:30,28.624,77.2326,990.1,26.48,51.92,72.76,107.9,114.3
2021-01-23 13:00:00+05:30,28.579,77.2632,989.44,31.15,28.01,73.5,119.54,127.1
2021-01-30 22:00:00+05:30,28.597,77.2632,990.85,33.74,17.99,88.5,126.5,128.5
2020-12-10 08:00:00+05:30,28.606,77.2632,991.31,29.34,35.51,107.0,170.0,193.0
2021-01-28 22:00:00+05:30,28.543,77.253,992.58,27.05,33.35,244.11,491.33,528.33
2021-01-30 09:00:00+05:30,28.615,77.2122,994.1,26.26,30.31,99.33,170.67,184.33
2020-11-19 06:00:00+05:30,28.561,77.2428,988.37,26.24,38.3,93.25,149.24,159.64
2021-01-05 06:00:00+05:30,28.615,77.202,989.42,24.69,52.16,26.4,41.07,50.37
2020-11-30 15:00:00+05:30,28.624,77.2734,991.0,32.12,21.9,74.03,121.94,125.03
2021-01-09 17:00:00+05:30,28.597,77.2326,989.86,34.1,28.24,56.0,96.95,113.29
2021-01-19 09:00:00+05:30,28.624,77.2734,992.02,23.04,47.75,218.35,462.74,510.91
2021-01-06 16:00:00+05:30,28.561,77.253,985.76,33.96,36.52,51.43,88.57,97.0
2021-01-14 08:00:00+05:30,28.633,77.2836,992.99,21.62,43.38,193.12,351.89,376.89
2020-12-07 05:00:00+05:30,28.561,77.2224,990.89,26.38,46.19,183.04,349.23,405.31
2021-01-15 22:00:00+05:30,28.597,77.253,989.9,27.79,33.06,178.69,281.08,287.92
2021-01-07 12:00:00+05:30,28.543,77.2734,991.46,32.44,32.99,62.62,106.97,122.78
2020-12-13 07:00:00+05:30,28.561,77.2122,991.02,25.95,45.28,93.46,173.24,195.46
2021-01-05 11:00:00+05:30,28.615,77.2836,994.29,33.43,32.98,56.33,81.27,83.45
2020-12-31 09:00:00+05:30,28.615,77.1306,992.47,23.29,34.39,127.71,219.29,238.86
2020-11-21 20:00:00+05:30,28.489,77.304,989.59,31.24,22.09,108.06,175.37,189.14
2020-12-08 07:00:00+05:30,28.561,77.2326,992.91,25.69,49.91,158.67,276.53,304.83
2020-12-07 19:00:00+05:30,28.561,77.2428,991.29,31.89,39.56,133.25,219.14,240.3
2021-01-29 21:00:00+05:30,28.543,77.2734,993.96,29.19,28.71,133.56,216.19,236.12
2020-12-07 18:00:00+05:30,28.615,77.2326,992.31,31.42,37.37,118.02,206.37,233.44
2020-12-03 17:00:00+05:30,28.507,77.2938,986.67,38.66,22.34,91.33,138.7,151.59
2020-12-30 09:00:00+05:30,28.525,77.2632,994.42,21.86,39.79,147.09,230.09,249.24
2020-12-26 11:00:00+05:30,28.543,77.253,991.88,28.15,28.83,167.4,250.6,269.0
2020-11-14 11:00:00+05:30,28.552,77.2632,992.05,34.8,28.67,190.05,362.62,390.36
2020-11-22 21:00:00+05:30,28.498,77.2938,991.84,30.38,22.3,120.7,195.4,214.88
2020-12-17 13:00:00+05:30,28.57,77.2326,996.22,23.77,41.69,81.21,131.75,142.42
2020-12-28 08:00:00+05:30,28.561,77.2428,992.7,23.59,31.21,90.38,148.31,164.22
2020-12-10 18:00:00+05:30,28.552,77.2734,991.56,34.04,30.21,108.42,172.32,187.68
2020-11-25 10:00:00+05:30,28.642,77.3142,995.92,34.35,24.54,187.29,331.43,362.71
2020-12-08 10:00:00+05:30,28.534,77.2836,993.75,32.5,35.32,150.06,273.44,307.31
2020-11-15 17:00:00+05:30,28.633,77.2326,988.15,31.48,41.43,87.52,143.71,158.0
2020-12-21 07:00:00+05:30,28.543,77.2734,993.37,23.21,38.12,128.08,207.83,223.45
2020-11-02 16:00:00+05:30,28.498,77.2938,988.37,39.32,14.25,80.25,118.12,127.7
2021-01-30 17:00:00+05:30,28.624,77.2428,988.0,37.53,14.77,54.29,89.93,97.07
2020-12-14 18:00:00+05:30,28.543,77.253,990.64,31.1,23.68,83.0,133.5,150.5
2020-12-07 19:00:00+05:30,28.606,77.2734,992.46,33.65,37.05,162.88,277.68,297.4
2020-12-31 11:00:00+05:30,28.624,77.2632,996.32,26.65,29.38,127.72,206.56,211.0
2021-01-10 18:00:00+05:30,28.561,77.2326,989.52,29.13,29.84,66.0,106.88,116.6
2020-11-15 09:00:00+05:30,28.615,77.1306,991.46,28.88,36.15,164.68,300.18,320.14
2020-11-29 07:00:00+05:30,28.624,77.1306,994.16,27.17,30.2,86.0,129.0,147.0
2020-11-06 10:00:00+05:30,28.624,77.2734,995.33,35.93,21.81,170.64,307.45,344.0
2021-01-08 13:00:00+05:30,28.624,77.2632,988.0,31.33,31.79,63.5,132.28,147.11
2020-12-10 19:00:00+05:30,28.543,77.1816,990.76,34.83,30.52,107.1,167.68,178.71
2020-11-21 19:00:00+05:30,28.561,77.2122,991.84,32.38,20.98,60.82,100.35,112.28
2020-12-22 08:00:00+05:30,28.579,77.253,994.3,26.37,33.48,209.91,401.18,450.27
2020-12-13 19:00:00+05:30,28.588,77.2122,990.48,25.79,32.72,51.0,74.82,78.91
2020-11-22 20:00:00+05:30,28.633,77.2224,992.56,27.49,25.33,131.85,214.58,233.71
2021-01-02 08:00:00+05:30,28.597,77.2632,993.18,27.35,30.28,164.07,295.93,329.27
2020-11-13 08:00:00+05:30,28.579,77.253,986.48,24.44,48.43,199.0,375.71,405.14
2020-12-26 06:00:00+05:30,28.642,77.3142,992.31,25.27,33.31,132.53,239.18,273.94
2020-11-03 13:00:00+05:30,28.624,77.2428,989.31,40.38,11.91,31.92,46.94,58.25
2021-01-30 07:00:00+05:30,28.588,77.2326,993.18,22.15,35.42,105.39,179.78,195.22
2021-01-13 12:00:00+05:30,28.633,77.304,993.6,30.61,25.41,101.45,160.34,165.95
2020-12-15 08:00:00+05:30,28.588,77.1714,991.5,23.93,36.92,82.0,147.0,156.0
2020-12-10 15:00:00+05:30,28.642,77.3142,990.3,39.19,20.54,61.59,98.0,106.93
2020-11-04 19:00:00+05:30,28.624,77.2326,987.45,34.51,31.71,225.38,428.41,461.74
2020-12-23 17:00:00+05:30,28.642,77.304,990.04,35.62,17.22,93.04,160.89,165.5
2020-11-15 20:00:00+05:30,28.57,77.1816,986.43,34.95,30.17,82.0,142.0,150.0
2021-01-13 15:00:00+05:30,28.561,77.2938,990.97,37.96,14.54,89.7,159.2,184.4
2020-12-31 07:00:00+05:30,28.579,77.202,992.65,23.54,40.38,108.97,173.92,190.77
2020-11-25 08:00:00+05:30,28.543,77.2734,992.82,31.46,26.52,151.19,251.81,285.38
2021-01-07 22:00:00+05:30,28.588,77.253,990.48,29.78,34.31,76.86,120.32,124.09
2021-01-16 12:00:00+05:30,28.651,77.2326,988.7,31.02,31.38,163.25,267.75,293.88
2020-12-17 20:00:00+05:30,28.507,77.2938,994.43,30.22,23.57,132.07,216.45,250.49
2021-01-13 05:00:00+05:30,28.552,77.2632,990.87,20.72,42.55,166.0,302.58,348.87
2021-01-25 11:00:00+05:30,28.606,77.202,996.41,26.4,32.8,76.37,128.78,142.56
2020-12-26 13:00:00+05:30,28.597,77.2632,992.3,33.17,18.56,60.89,98.42,101.11
2020-11-21 09:00:00+05:30,28.507,77.2938,992.54,26.9,32.6,140.1,238.49,258.82
2021-01-06 19:00:00+05:30,28.624,77.2122,990.05,29.55,45.2,106.15,180.5,201.15
2021-01-05 07:00:00+05:30,28.579,77.2632,990.9,28.09,40.04,29.83,45.0,54.75
2021-01-27 18:00:00+05:30,28.489,77.304,991.28,34.89,16.72,56.93,84.86,90.08
2021-01-18 12:00:00+05:30,28.498,77.2836,992.27,26.6,38.97,100.0,173.95,193.9
2020-12-18 13:00:00+05:30,28.516,77.2836,994.14,31.9,17.1,53.07,85.36,89.64
2021-01-05 00:00:00+05:30,28.561,77.2632,993.54,31.02,39.73,32.0,49.0,60.0
2020-11-21 17:00:00+05:30,28.543,77.202,989.43,32.31,19.19,41.56,63.16,72.28
2021-01-25 15:00:00+05:30,28.579,77.2632,993.41,32.38,23.89,60.08,94.58,97.75
2021-01-22 13:00:00+05:30,28.624,77.253,988.35,30.77,30.28,110.72,199.17,215.39
2020-12-18 08:00:00+05:30,28.624,77.253,992.08,21.94,34.64,89.0,164.0,174.0
2021-01-09 06:00:00+05:30,28.561,77.253,990.36,24.58,46.59,78.37,133.24,150.98
2020-12-19 21:00:00+05:30,28.633,77.2836,993.37,29.22,26.59,106.87,186.24,203.52
2021-01-27 14:00:00+05:30,28.507,77.2938,991.02,36.82,16.51,59.97,97.93,108.55
2020-11-03 15:00:00+05:30,28.606,77.2734,989.05,41.21,12.27,22.2,33.84,42.12
2020-11-02 06:00:00+05:30,28.516,77.2938,989.3,27.72,26.26,88.56,147.42,164.97
2021-01-02 08:00:00+05:30,28.642,77.304,994.38,24.69,34.11,174.32,303.99,313.25
2020-12-27 10:00:00+05:30,28.543,77.202,991.06,31.25,27.37,198.62,375.51,406.31
2021-01-05 12:00:00+05:30,28.624,77.2734,994.24,36.25,30.71,91.88,142.53,162.18
2020-11-01 11:00:00+05:30,28.615,77.2326,992.13,34.61,25.99,194.74,341.72,369.98
2020-11-20 06:00:00+05:30,28.588,77.253,991.43,28.72,27.87,115.58,193.4,213.52
2021-01-20 11:00:00+05:30,28.543,77.2734,991.21,29.71,32.02,90.53,155.54,174.72
2020-11-19 09:00:00+05:30,28.633,77.2836,992.26,28.1,38.26,142.53,236.4,254.67
2020-12-31 10:00:00+05:30,28.525,77.2836,996.22,24.63,35.28,129.57,217.11,238.9
2021-01-01 22:00:00+05:30,28.534,77.2836,993.04,25.07,36.01,252.81,504.33,540.05
2021-01-07 10:00:00+05:30,28.579,77.1612,990.03,33.47,32.11,61.0,99.0,107.0
2021-01-17 17:00:00+05:30,28.57,77.2326,990.5,29.65,35.52,152.39,261.87,286.95
2021-01-10 07:00:00+05:30,28.579,77.2326,992.22,20.87,47.09,90.13,156.63,171.65
2020-12-30 22:00:00+05:30,28.597,77.2632,995.49,25.07,32.5,133.82,213.61,226.91
2021-01-23 16:00:00+05:30,28.579,77.253,987.36,33.88,25.04,51.74,77.06,79.54
2021-01-19 19:00:00+05:30,28.633,77.3142,989.98,29.82,34.78,96.5,164.4,180.9
2020-12-22 12:00:00+05:30,28.498,77.2938,993.6,33.33,24.13,169.49,302.13,333.06
2020-12-01 08:00:00+05:30,28.57,77.2224,995.07,18.32,52.35,183.0,356.0,384.5
2021-01-18 11:00:00+05:30,28.588,77.1816,993.22,30.79,28.9,101.71,174.86,190.86
2021-01-17 12:00:00+05:30,28.579,77.1714,989.49,27.82,28.1,113.23,203.05,219.77
2020-12-18 22:00:00+05:30,28.615,77.304,994.98,26.44,22.39,147.58,230.25,236.08
2020-12-21 17:00:00+05:30,28.633,77.2326,1011.3,29.79,30.68,94.55,153.82,164.02
2020-12-25 11:00:00+05:30,28.597,77.1612,990.51,31.86,23.55,122.5,204.5,223.5
2020-12-11 03:00:00+05:30,28.561,77.253,992.47,34.74,33.22,107.67,180.33,191.0
2021-01-23 15:00:00+05:30,28.633,77.2122,986.94,29.37,30.09,74.91,119.48,130.34
2021-01-01 15:00:00+05:30,28.57,77.202,992.16,31.1,21.49,126.64,206.1,221.62
2021-01-16 01:00:00+05:30,28.579,77.2326,985.31,21.38,48.48,219.17,456.56,487.25
2020-12-18 19:00:00+05:30,28.57,77.1714,991.45,30.53,19.3,115.43,180.33,196.78
2020-12-25 22:00:00+05:30,28.516,77.2938,991.64,26.6,35.57,227.45,379.95,403.05
2020-11-20 16:00:00+05:30,28.561,77.2224,989.33,38.51,15.12,38.31,56.15,69.38
2020-12-24 08:00:00+05:30,28.624,77.253,989.43,25.62,38.92,249.55,506.2,546.5
2020-12-15 16:00:00+05:30,28.633,77.2122,994.57,27.16,29.93,74.08,126.0,136.78
2020-11-16 20:00:00+05:30,28.651,77.2836,992.46,33.09,42.85,140.88,229.41,241.59
2020-12-18 14:00:00+05:30,28.534,77.2836,992.31,33.89,16.06,38.24,63.0,73.35
2021-01-14 11:00:00+05:30,28.579,77.2224,994.53,23.81,37.59,252.83,500.75,566.14
2020-12-30 13:00:00+05:30,28.579,77.2326,986.78,25.6,35.83,93.0,151.3,160.79
2021-01-09 07:00:00+05:30,28.516,77.2734,990.3,24.79,44.75,92.5,158.68,175.64
2020-12-21 18:00:00+05:30,28.489,77.304,990.36,34.46,18.19,117.04,187.79,201.85
2021-01-01 13:00:00+05:30,28.66,77.2224,993.49,28.33,34.91,290.91,554.08,591.01
2020-11-18 21:00:00+05:30,28.534,77.2734,988.93,31.9,26.31,86.31,142.97,155.34
2021-01-29 22:00:00+05:30,28.66,77.2734,992.13,32.79,24.9,140.12,257.41,281.53
2021-01-04 13:00:00+05:30,28.606,77.202,992.04,35.65,29.16,57.9,86.84,92.0
2020-12-19 13:00:00+05:30,28.561,77.2122,994.45,35.12,14.22,79.53,123.65,132.42
2020-11-24 19:00:00+05:30,28.498,77.2938,988.87,35.89,21.06,190.17,330.22,358.17
2020-12-07 07:00:00+05:30,28.498,77.2938,993.54,23.62,54.21,200.43,406.57,439.57
2021-01-06 11:00:00+05:30,28.561,77.2122,992.67,33.16,40.11,122.57,194.15,206.35
2020-12-06 06:00:00+05:30,28.624,77.2428,990.53,24.48,59.4,174.7,289.33,314.88
2021-01-02 07:00:00+05:30,28.57,77.2326,992.61,23.52,40.4,188.88,354.52,386.46
2021-01-09 14:00:00+05:30,28.579,77.202,989.92,33.26,29.97,79.84,127.29,137.0
2021-01-05 13:00:00+05:30,28.624,77.2122,992.28,37.73,26.59,70.99,106.09,114.04
2021-01-11 11:00:00+05:30,28.552,77.253,992.21,27.56,31.64,64.72,105.06,113.69
2020-12-04 13:00:00+05:30,28.57,77.253,990.0,35.51,21.97,127.39,219.61,227.39
2020-11-03 15:00:00+05:30,28.561,77.1816,986.51,41.38,10.35,26.02,39.94,50.28
2020-12-27 08:00:00+05:30,28.633,77.1306,989.17,25.56,34.68,246.0,467.5,506.0
2020-12-30 23:00:00+05:30,28.543,77.2632,992.05,25.58,33.07,190.5,346.0,375.5
2020-12-28 11:00:00+05:30,28.534,77.2836,993.6,32.54,13.5,31.3,48.2,70.0
2020-11-15 21:00:00+05:30,28.588,77.1714,986.65,31.23,38.28,119.0,205.0,225.0
2021-01-05 12:00:00+05:30,28.525,77.2836,993.37,35.9,30.22,71.2,107.99,116.83
2021-01-20 12:00:00+05:30,28.525,77.2836,991.99,34.53,23.74,73.23,120.42,137.44
2020-12-12 03:00:00+05:30,28.57,77.2326,994.14,24.49,37.29,82.27,143.0,154.91
2020-12-31 15:00:00+05:30,28.624,77.2632,993.73,32.65,23.24,119.92,207.62,230.69
2020-11-26 13:00:00+05:30,28.624,77.2326,992.19,37.54,20.98,56.42,91.33,99.67
2020-11-20 21:00:00+05:30,28.489,77.2938,991.37,30.72,25.45,114.55,186.16,202.84
2020-12-28 17:00:00+05:30,28.498,77.2938,991.58,32.56,13.96,38.86,60.32,75.7
2020-12-20 15:00:00+05:30,28.66,77.1204,993.74,27.1,26.61,59.96,92.84,98.28
2020-12-10 08:00:00+05:30,28.525,77.2836,991.59,28.93,38.73,123.34,204.95,222.57
2020-12-01 15:00:00+05:30,28.66,77.3142,993.25,37.91,17.34,102.8,179.0,202.2
2020-11-21 06:00:00+05:30,28.633,77.2326,990.21,19.27,41.93,79.52,123.04,131.22
2021-01-12 18:00:00+05:30,28.552,77.253,989.63,32.05,28.22,125.89,195.83,213.06
2021-01-04 08:00:00+05:30,28.561,77.2224,993.76,27.05,43.61,70.78,107.88,119.09
2021-01-29 13:00:00+05:30,28.624,77.2326,993.63,36.37,20.61,94.79,151.56,160.97
2020-12-03 11:00:00+05:30,28.516,77.2836,991.83,30.9,30.39,138.5,225.5,251.5
2021-01-28 13:00:00+05:30,28.489,77.2938,994.98,33.33,24.45,161.65,277.12,301.59
2021-01-14 22:00:00+05:30,28.561,77.202,991.05,26.66,31.98,224.17,393.42,413.75
2020-11-13 20:00:00+05:30,28.543,77.253,991.05,33.75,27.69,115.5,195.5,214.5
2020-11-14 23:00:00+05:30,28.543,77.2734,990.41,34.89,30.37,146.19,235.68,250.16
2021-01-27 22:00:00+05:30,28.606,77.202,994.08,30.05,24.18,133.9,203.17,212.48
2021-01-29 13:00:00+05:30,28.57,77.2326,993.8,37.2,20.11,88.38,135.89,143.6
2020-12-18 15:00:00+05:30,28.651,77.2224,992.86,31.65,16.38,80.37,129.18,138.49
2020-12-08 15:00:00+05:30,28.633,77.1306,989.8,36.79,20.24,68.6,115.1,131.2
2020-12-26 06:00:00+05:30,28.66,77.1204,991.03,23.78,35.46,144.8,248.6,283.6
2020-11-26 18:00:00+05:30,28.561,77.253,991.02,36.0,24.33,62.83,103.33,110.33
2020-11-14 15:00:00+05:30,28.579,77.2224,989.57,40.35,18.83,151.3,264.05,282.88
2020-12-01 06:00:00+05:30,28.624,77.2734,993.52,24.85,36.71,146.41,262.05,293.72
2021-01-02 02:00:00+05:30,28.552,77.1612,992.4,31.82,29.69,163.5,302.75,336.0
2020-12-20 22:00:00+05:30,28.588,77.2326,994.01,27.54,26.6,156.13,255.52,272.3
2020-12-01 18:00:00+05:30,28.615,77.202,989.54,33.52,31.06,93.5,142.33,153.83
2020-12-07 11:00:00+05:30,28.579,77.2224,995.37,26.93,46.65,148.1,313.97,361.29
2020-12-17 13:00:00+05:30,28.642,77.2326,995.25,28.94,28.23,77.06,117.51,127.98
2021-01-21 13:00:00+05:30,28.543,77.2734,988.58,34.12,18.67,55.33,87.6,97.19
2021-01-21 15:00:00+05:30,28.651,77.304,988.51,35.92,17.17,41.19,66.6,77.18
2021-01-03 08:00:00+05:30,28.552,77.253,990.04,14.64,57.97,92.38,159.38,172.23
2021-01-23 12:00:00+05:30,28.651,77.2428,990.0,31.48,29.69,89.27,146.05,156.73
2020-11-30 12:00:00+05:30,28.633,77.2938,994.69,33.88,20.59,116.75,201.04,208.29
2020-12-13 21:00:00+05:30,28.588,77.2326,991.66,26.22,37.49,116.45,187.64,199.75
2020-12-15 07:00:00+05:30,28.597,77.2326,993.73,22.17,42.42,105.3,183.06,202.11
2021-01-07 10:00:00+05:30,28.66,77.304,994.35,33.56,30.65,51.57,93.29,111.71
2021-01-30 18:00:00+05:30,28.579,77.253,990.78,35.13,14.64,48.25,70.88,76.0
2021-01-28 12:00:00+05:30,28.561,77.2122,994.35,32.67,25.79,197.03,363.18,389.85
2020-11-14 21:00:00+05:30,28.642,77.2938,991.3,26.45,45.58,197.0,340.24,361.18
2021-01-19 17:00:00+05:30,28.606,77.2326,987.25,25.59,44.09,108.1,195.42,213.59
2020-12-05 13:00:00+05:30,28.543,77.2734,989.97,32.33,33.09,112.74,195.04,205.85
2020-12-08 20:00:00+05:30,28.489,77.2938,991.65,33.46,27.03,137.66,219.68,237.98
2020-12-07 09:00:00+05:30,28.597,77.253,993.87,25.5,49.42,140.0,273.6,288.0
2020-11-15 16:00:00+05:30,28.597,77.253,988.6,38.3,22.86,74.41,122.88,133.82
2021-01-14 20:00:00+05:30,28.633,77.3142,992.23,29.46,28.88,277.46,559.83,618.19
2020-12-03 20:00:00+05:30,28.57,77.1714,988.39,35.29,24.72,104.29,170.75,183.5
2021-01-19 11:00:00+05:30,28.525,77.2734,989.95,28.04,38.83,146.8,245.2,272.4
2020-12-30 20:00:00+05:30,28.552,77.2938,996.33,29.65,27.6,143.54,251.48,277.62
2020-12-18 13:00:00+05:30,28.624,77.253,990.36,34.27,14.85,42.76,68.35,76.18
2020-12-23 19:00:00+05:30,28.534,77.2836,987.85,31.49,27.55,149.2,253.9,274.95
2020-11-27 11:00:00+05:30,28.489,77.304,994.69,37.36,21.41,73.76,115.88,124.42
2020-12-29 19:00:00+05:30,28.624,77.2326,999.4,30.4,23.99,87.12,145.8,158.16
2020-12-22 00:00:00+05:30,28.534,77.2836,986.06,27.65,30.64,219.4,404.4,429.3
2021-01-06 22:00:00+05:30,28.561,77.2326,991.99,28.43,43.62,92.72,176.05,199.89
2021-01-03 05:00:00+05:30,28.57,77.253,989.97,21.27,38.42,149.92,283.58,319.67
2020-12-12 06:00:00+05:30,28.66,77.3142,990.42,30.71,38.12,148.35,255.81,286.76
2020-12-27 17:00:00+05:30,28.597,77.202,983.97,35.54,24.87,103.09,155.55,167.18
2020-12-10 17:00:00+05:30,28.561,77.253,988.85,35.04,28.17,80.0,122.15,131.58
2020-12-08 09:00:00+05:30,28.57,77.2632,996.03,27.5,45.33,154.85,283.81,303.49
2021-01-23 12:00:00+05:30,28.588,77.253,991.55,33.68,24.66,79.73,135.89,152.75
2020-11-13 20:00:00+05:30,28.651,77.2938,992.52,34.24,31.55,174.0,279.0,299.0
2021-01-13 13:00:00+05:30,28.66,77.2326,991.42,34.7,24.24,134.62,221.62,243.92
2020-12-29 07:00:00+05:30,28.633,77.1204,991.4,20.77,34.67,101.16,180.22,198.34
2020-12-15 23:00:00+05:30,28.579,77.2224,993.95,25.52,35.56,105.61,180.94,198.2
2020-11-28 10:00:00+05:30,28.651,77.3142,998.38,34.33,21.3,68.55,111.05,121.55
2020-12-10 21:00:00+05:30,28.516,77.2836,991.35,31.25,34.83,118.2,174.87,189.2
2020-12-26 10:00:00+05:30,28.57,77.1816,992.52,29.12,26.58,111.0,177.0,202.0
2021-01-20 21:00:00+05:30,28.642,77.3142,991.1,30.6,29.19,90.84,144.11,154.41
2020-11-04 07:00:00+05:30,28.534,77.2734,988.45,27.06,33.43,103.08,163.54,177.12
2020-12-14 07:00:00+05:30,28.615,77.1306,990.82,25.86,33.66,46.62,81.71,93.87
2021-01-17 20:00:00+05:30,28.597,77.2632,992.35,26.45,36.17,89.68,147.37,151.84
2020-12-31 22:00:00+05:30,28.624,77.304,994.29,26.25,31.86,169.25,273.12,278.88
2021-01-02 15:00:00+05:30,28.615,77.2836,992.09,33.21,21.36,108.83,183.44,202.86
2020-12-20 09:00:00+05:30,28.552,77.253,996.32,24.87,32.71,151.88,262.4,282.94
2021-01-09 13:00:00+05:30,28.525,77.2836,991.7,31.79,32.69,101.7,169.88,186.67
2020-12-03 06:00:00+05:30,28.633,77.2224,987.96,30.59,33.03,105.5,172.19,186.73
2020-12-25 07:00:00+05:30,28.597,77.1408,990.84,25.14,31.01,156.7,260.1,285.9
2020-12-23 11:00:00+05:30,28.525,77.2734,991.88,30.24,29.71,158.56,273.33,300.56
2021-01-30 22:00:00+05:30,28.66,77.2734,989.9,31.52,23.6,175.75,330.31,367.25
2021-01-29 14:00:00+05:30,28.615,77.2122,993.35,33.64,18.77,64.44,100.08,107.72
2020-12-02 12:00:00+05:30,28.633,77.2122,992.27,35.04,22.13,99.6,159.0,168.1
2021-01-12 08:00:00+05:30,28.597,77.151,989.62,23.42,37.28,147.08,280.54,305.77
2020-11-30 07:00:00+05:30,28.588,77.2122,991.94,26.73,35.66,136.4,211.27,224.93
2020-11-23 16:00:00+05:30,28.633,77.2734,988.88,36.42,15.28,115.62,188.62,206.12
2020-12-16 07:00:00+05:30,28.507,77.2938,992.88,21.76,44.04,118.36,201.18,216.84
2020-11-04 18:00:00+05:30,28.561,77.202,985.79,39.84,19.31,215.18,419.26,448.79
2021-01-04 07:00:00+05:30,28.489,77.304,991.88,25.75,52.7,61.12,93.82,101.58
2020-12-26 11:00:00+05:30,28.651,77.2938,991.65,31.58,26.09,128.0,237.5,253.5
2020-11-21 22:00:00+05:30,28.615,77.2326,989.63,31.78,22.12,127.0,211.97,227.17
2021-01-11 10:00:00+05:30,28.489,77.304,992.72,26.55,34.28,94.33,164.13,178.93
2021-01-30 20:00:00+05:30,28.561,77.2224,990.79,30.71,23.56,120.48,197.22,214.34
2021-01-03 07:00:00+05:30,28.642,77.304,991.81,27.19,37.19,134.0,233.75,255.22
2021-01-18 12:00:00+05:30,28.66,77.304,994.78,31.87,29.29,82.0,134.17,141.67
2020-12-02 18:00:00+05:30,28.66,77.2326,988.17,30.14,28.06,100.0,156.79,173.0
2020-12-07 19:00:00+05:30,28.615,77.202,990.56,36.18,33.35,106.85,165.96,183.07
2021-01-18 13:00:00+05:30,28.66,77.2224,992.47,33.13,31.1,157.71,259.2,280.55
2020-11-21 08:00:00+05:30,28.561,77.253,993.2,27.55,27.75,128.65,213.47,236.94
2021-01-28 06:00:00+05:30,28.597,77.1408,991.0,22.6,36.57,141.25,227.0,252.25
2021-01-09 13:00:00+05:30,28.498,77.2938,991.16,31.54,33.01,106.65,183.91,205.74
2021-01-08 07:00:00+05:30,28.651,77.3142,990.67,27.97,34.86,50.92,97.67,115.96
2020-11-01 16:00:00+05:30,28.633,77.2326,988.01,40.11,18.57,65.15,102.63,111.95
2020-11-19 12:00:00+05:30,28.597,77.1612,986.04,35.11,21.88,66.11,109.84,117.89
2020-11-19 16:00:00+05:30,28.561,77.1918,986.95,35.21,18.75,51.68,80.95,88.17
2020-12-31 18:00:00+05:30,28.615,77.1306,990.34,32.33,26.11,143.93,234.56,262.15
2020-12-16 20:00:00+05:30,28.633,77.2836,997.38,29.18,24.53,109.48,180.2,203.08
2020-12-29 22:00:00+05:30,28.642,77.2938,994.95,24.28,26.31,78.7,130.43,147.04
2020-12-26 18:00:00+05:30,28.633,77.2122,989.57,29.98,27.61,115.26,177.74,194.25
2020-12-20 19:00:00+05:30,28.552,77.2224,992.76,27.17,26.82,118.94,182.67,187.83
2020-12-10 20:00:00+05:30,28.669,77.2836,990.8,33.28,33.72,107.8,155.8,166.8
2021-01-12 15:00:00+05:30,28.642,77.2326,991.3,31.8,25.71,72.36,117.2,126.49
2020-12-31 19:00:00+05:30,28.489,77.2938,992.75,27.75,29.74,169.53,276.19,295.76
2020-11-13 11:00:00+05:30,28.651,77.3142,1018.52,36.67,27.5,162.56,286.03,306.03
2020-11-04 07:00:00+05:30,28.507,77.2938,988.41,26.2,33.29,100.56,161.75,179.19
2021-01-13 09:00:00+05:30,28.525,77.2836,993.23,24.49,36.91,109.69,196.86,215.83
2021-01-01 16:00:00+05:30,28.615,77.1306,989.11,32.74,21.26,132.71,229.29,245.21
2020-11-03 07:00:00+05:30,28.579,77.1714,986.86,28.91,29.14,115.24,192.12,211.58
2020-12-02 11:00:00+05:30,28.624,77.2122,993.34,33.11,25.94,113.0,186.0,204.5
2020-12-29 12:00:00+05:30,28.633,77.2734,995.95,31.19,19.08,79.09,123.18,138.55
2020-12-20 16:00:00+05:30,28.615,77.2734,992.65,35.25,16.83,65.67,105.0,114.67
2021-01-13 21:00:00+05:30,28.498,77.2836,989.64,22.57,38.06,286.61,488.03,530.79
2020-12-26 06:00:00+05:30,28.606,77.1306,989.55,23.91,32.99,218.81,445.31,499.5
2021-01-29 07:00:00+05:30,28.606,77.2428,994.28,24.2,32.83,109.86,167.33,170.1
2020-11-18 14:00:00+05:30,28.615,77.2836,989.67,33.82,22.56,49.97,78.45,84.32
2021-01-03 09:00:00+05:30,28.561,77.202,990.34,24.07,46.15,108.12,183.38,196.12
2020-12-10 19:00:00+05:30,28.57,77.1816,988.19,34.22,29.87,88.86,140.14,152.86
2020-12-23 23:00:00+05:30,28.57,77.2224,991.21,28.38,30.1,231.33,389.0,396.67
2020-12-10 19:00:00+05:30,28.597,77.2632,990.59,35.02,26.62,87.6,143.67,159.07
2020-11-22 13:00:00+05:30,28.561,77.2428,989.89,33.93,16.48,77.1,125.76,133.7
2020-11-16 10:00:00+05:30,28.561,77.253,994.13,31.11,39.49,64.59,104.06,111.18
2020-12-16 12:00:00+05:30,28.597,77.1612,993.5,29.05,27.18,87.5,146.5,159.0
2020-12-22 20:00:00+05:30,28.651,77.2326,990.46,30.08,29.63,222.54,424.69,462.92
2020-12-28 22:00:00+05:30,28.66,77.2326,984.85,26.32,24.45,112.89,184.58,202.89
2021-01-30 16:00:00+05:30,28.597,77.253,991.04,38.24,12.78,37.95,54.1,65.38
2021-01-08 11:00:00+05:30,28.579,77.1612,989.6,31.23,30.95,61.5,104.0,131.5
2021-01-17 14:00:00+05:30,28.615,77.202,991.87,27.75,32.19,124.58,211.17,231.5
2020-11-03 19:00:00+05:30,28.606,77.2632,989.13,35.34,19.22,147.5,226.0,244.75
2020-12-16 07:00:00+05:30,28.651,77.2836,996.29,19.97,53.87,116.66,182.75,198.75
2020-12-30 22:00:00+05:30,28.606,77.2326,992.15,26.35,33.76,132.3,229.6,247.91
2021-01-03 15:00:00+05:30,28.561,77.202,988.22,26.6,49.06,86.71,138.43,148.12
2021-01-30 14:00:00+05:30,28.489,77.304,991.54,39.05,9.24,38.45,58.01,67.63
2020-12-23 12:00:00+05:30,28.606,77.2632,993.73,35.66,21.23,162.0,286.5,316.0
2020-12-20 23:00:00+05:30,28.552,77.253,992.58,27.76,27.65,153.47,251.0,268.53
2020-11-30 16:00:00+05:30,28.606,77.2326,988.34,35.24,22.2,80.14,136.71,149.43
2020-11-17 15:00:00+05:30,28.597,77.151,985.55,38.01,23.45,31.15,48.83,60.27
2021-01-25 05:00:00+05:30,28.561,77.2428,991.82,19.6,43.99,126.17,259.39,280.48
2021-01-02 11:00:00+05:30,28.552,77.2734,992.48,29.45,41.26,84.0,141.0,147.0
2020-11-17 08:00:00+05:30,28.57,77.2326,984.74,26.66,45.95,85.89,137.33,147.19
2020-12-26 17:00:00+05:30,28.552,77.2632,989.26,32.94,21.44,87.49,143.93,156.62
2021-01-22 19:00:00+05:30,28.615,77.2326,991.59,30.91,32.15,142.5,255.46,279.96
2020-11-19 19:00:00+05:30,28.561,77.2734,989.9,32.5,26.23,77.68,124.23,131.13
2020-11-17 16:00:00+05:30,28.615,77.1306,985.49,37.77,23.08,32.65,50.31,64.58
2021-01-22 23:00:00+05:30,28.579,77.2326,989.49,23.78,43.17,137.72,243.84,267.34
2020-11-30 17:00:00+05:30,28.633,77.2836,991.8,34.0,22.27,85.0,147.0,151.0
2020-12-16 22:00:00+05:30,28.57,77.2224,995.89,26.21,32.06,106.28,184.0,203.07
2020-12-12 16:00:00+05:30,28.543,77.2734,990.36,29.88,42.32,160.0,284.0,306.0
2020-12-29 16:00:00+05:30,28.633,77.3142,992.31,29.33,19.59,89.96,150.57,156.3
2020-12-16 20:00:00+05:30,28.606,77.2734,995.5,28.55,26.99,110.8,176.32,187.9
2020-11-26 05:00:00+05:30,28.552,77.2632,992.11,24.23,48.04,130.73,222.41,247.41
2021-01-05 20:00:00+05:30,28.642,77.3142,991.8,32.01,35.64,85.99,142.03,161.4
2020-11-29 16:00:00+05:30,28.579,77.2224,992.38,30.87,23.28,59.86,91.29,94.71
2021-01-25 20:00:00+05:30,28.507,77.2734,990.32,28.76,32.6,128.22,197.0,213.33
2021-01-25 05:00:00+05:30,28.525,77.2836,992.73,22.0,39.87,78.99,141.25,176.19
2020-12-24 08:00:00+05:30,28.552,77.253,991.93,24.97,37.45,221.86,467.21,513.55
2020-11-19 08:00:00+05:30,28.588,77.2224,986.89,25.8,40.94,176.9,356.5,383.48
2020-12-23 20:00:00+05:30,28.66,77.2224,990.04,26.71,39.08,260.43,437.86,465.71
2021-01-05 00:00:00+05:30,28.561,77.2836,994.39,30.36,41.54,40.15,61.38,71.58
2020-11-13 09:00:00+05:30,28.57,77.1816,992.66,32.1,31.75,169.0,294.0,312.0
2021-01-15 09:00:00+05:30,28.615,77.202,992.15,28.29,33.92,220.93,445.23,491.86
2020-12-25 17:00:00+05:30,28.651,77.3142,991.46,31.52,19.67,43.29,66.91,74.32
2020-12-17 10:00:00+05:30,28.642,77.2326,1005.02,23.01,37.52,78.08,143.47,157.85
2020-12-16 03:00:00+05:30,28.579,77.2326,996.4,23.28,42.9,75.11,124.61,133.72
2020-12-16 07:00:00+05:30,28.633,77.2326,996.63,22.95,37.22,129.96,221.12,239.92
2020-11-14 07:00:00+05:30,28.579,77.2224,992.2,27.84,35.39,229.33,445.21,495.11
2021-01-27 21:00:00+05:30,28.633,77.2836,991.4,30.91,26.57,175.54,296.18,318.64
2021-01-17 10:00:00+05:30,28.525,77.2836,993.71,24.94,36.21,129.37,235.26,258.97
2020-12-05 13:00:00+05:30,28.498,77.2938,989.49,32.28,32.04,110.25,188.62,201.63
2020-12-19 21:00:00+05:30,28.543,77.1918,993.6,31.82,21.96,118.52,189.28,201.72
2021-01-29 15:00:00+05:30,28.561,77.1918,991.26,33.56,18.78,55.68,89.59,95.91
2021-01-18 06:00:00+05:30,28.606,77.1306,990.86,25.0,39.95,102.61,180.09,209.13
2020-11-03 16:00:00+05:30,28.633,77.2938,989.11,41.83,8.64,32.21,49.14,62.71
2021-01-12 13:00:00+05:30,28.597,77.202,992.5,33.0,22.65,83.3,130.52,136.3
2021-01-25 20:00:00+05:30,28.624,77.2734,994.18,30.37,30.04,116.21,170.05,172.62
2020-12-25 06:00:00+05:30,28.588,77.253,993.45,24.93,34.95,146.32,254.85,285.12
2021-01-11 14:00:00+05:30,28.57,77.1816,990.64,32.03,23.56,51.5,81.5,94.5
2021-01-27 06:00:00+05:30,28.651,77.304,993.37,24.19,35.26,115.29,210.57,237.0
2021-01-20 14:00:00+05:30,28.516,77.2938,989.72,32.61,27.76,67.05,111.85,122.8
2021-01-13 20:00:00+05:30,28.642,77.2938,992.05,30.54,25.3,166.21,286.79,319.67
2020-12-11 14:00:00+05:30,28.561,77.2632,990.41,35.15,17.4,26.68,40.82,50.33
2020-12-15 07:00:00+05:30,28.633,77.2122,994.32,20.32,46.36,71.31,120.26,134.91
2021-01-13 09:00:00+05:30,28.561,77.2224,992.4,24.61,37.44,128.59,226.01,250.3
2021-01-03 15:00:00+05:30,28.651,77.2224,988.81,27.47,47.54,55.98,90.96,101.57
2020-11-13 10:00:00+05:30,28.651,77.2326,995.09,33.89,29.3,170.89,294.38,321.93
2021-01-14 19:00:00+05:30,28.534,77.2734,989.76,29.76,30.44,192.87,350.55,382.35
2020-12-26 13:00:00+05:30,28.642,77.2938,991.06,33.29,23.11,94.96,162.33,175.0
2021-01-18 12:00:00+05:30,28.651,77.2224,993.63,28.78,34.96,113.61,214.28,246.27
2020-11-17 15:00:00+05:30,28.633,77.2326,988.03,35.63,26.01,34.07,50.83,63.43
2021-01-22 07:00:00+05:30,28.543,77.2734,989.93,22.01,44.3,172.92,294.3,316.02
2021-01-09 09:00:00+05:30,28.615,77.2326,993.01,28.98,40.1,103.82,173.62,195.87
2021-01-17 22:00:00+05:30,28.588,77.202,993.61,28.23,29.75,98.62,166.3,181.34
2020-12-20 15:00:00+05:30,28.615,77.2326,993.98,32.22,18.07,67.63,108.9,123.25
2020-12-10 21:00:00+05:30,28.579,77.2428,989.84,32.74,28.22,79.76,126.0,140.57
2021-01-02 14:00:00+05:30,28.597,77.202,990.4,29.65,24.16,122.48,211.8,235.48
2021-01-22 20:00:00+05:30,28.561,77.202,988.09,28.14,35.79,162.75,291.72,317.47
2020-12-12 11:00:00+05:30,28.561,77.253,992.64,30.83,36.08,112.28,186.66,206.1
2021-01-30 09:00:00+05:30,28.552,77.253,991.56,25.44,31.77,114.7,197.42,213.34
2020-12-13 17:00:00+05:30,28.489,77.2938,989.92,33.34,20.23,48.99,75.16,86.56
2020-12-14 14:00:00+05:30,28.633,77.2326,992.39,31.24,24.6,56.42,90.72,101.35
2020-12-25 11:00:00+05:30,28.507,77.2734,991.73,29.08,28.75,124.56,201.16,217.84
2021-01-15 21:00:00+05:30,28.633,77.2224,989.96,26.11,42.06,260.4,561.33,628.03
2020-12-06 07:00:00+05:30,28.489,77.2938,989.82,29.96,41.88,165.45,287.36,313.68
2021-01-01 12:00:00+05:30,28.642,77.3142,996.23,28.33,29.13,221.63,405.02,418.53
2021-01-16 16:00:00+05:30,28.633,77.304,987.52,34.02,22.36,110.92,185.0,198.3
2020-11-14 18:00:00+05:30,28.633,77.2734,989.27,31.25,35.73,233.23,432.08,470.23
2020-12-24 15:00:00+05:30,28.633,77.1306,989.18,37.21,17.93,84.67,131.0,139.83
2020-11-13 06:00:00+05:30,28.66,77.304,994.41,30.33,36.24,199.0,353.75,397.88
2020-11-16 15:00:00+05:30,28.615,77.2734,991.52,35.99,30.04,40.75,64.75,74.25
2020-12-29 15:00:00+05:30,28.606,77.2836,993.39,35.0,17.94,43.0,70.5,79.5
2021-01-09 21:00:00+05:30,28.615,77.2836,991.56,30.6,33.67,73.19,128.38,144.31
2020-12-28 08:00:00+05:30,28.579,77.1714,989.46,25.18,27.07,96.21,164.92,182.92
2020-11-17 19:00:00+05:30,28.552,77.2632,986.6,33.44,30.85,50.45,77.17,84.69
2020-12-14 16:00:00+05:30,28.66,77.2836,992.05,28.13,33.96,57.93,87.24,95.34
2021-01-16 22:00:00+05:30,28.651,77.2326,975.83,24.96,36.86,166.29,297.94,319.78
2021-01-10 12:00:00+05:30,28.534,77.2734,993.77,32.06,23.9,67.7,108.33,122.57
2021-01-05 08:00:00+05:30,28.642,77.2326,991.08,28.8,44.53,59.42,89.3,96.37
2020-12-19 12:00:00+05:30,28.633,77.2224,994.62,28.76,21.49,93.83,160.17,178.46
2020-12-29 18:00:00+05:30,28.588,77.2122,991.94,27.73,23.18,54.15,84.38,93.46
2020-12-20 17:00:00+05:30,28.525,77.2836,993.62,30.74,25.18,83.41,132.83,142.86
2021-01-20 08:00:00+05:30,28.507,77.2938,990.97,23.54,43.51,71.83,127.87,145.93
2020-12-27 23:00:00+05:30,28.516,77.2938,987.02,28.05,19.63,59.0,96.43,108.95
2021-01-20 21:00:00+05:30,28.561,77.2836,991.26,30.77,27.47,79.85,127.77,138.51
2020-11-17 06:00:00+05:30,28.57,77.1816,989.69,30.32,37.42,65.0,101.0,121.0
2020-12-16 10:00:00+05:30,28.633,77.3142,999.92,31.18,24.57,96.54,160.66,183.09
2020-11-19 14:00:00+05:30,28.561,77.202,987.5,35.93,20.52,66.22,105.22,113.33
2021-01-18 09:00:00+05:30,28.507,77.2938,993.99,26.29,39.31,109.83,197.09,216.84
2021-01-13 22:00:00+05:30,28.624,77.3142,992.05,28.27,27.99,202.91,319.43,325.35
2020-11-21 22:00:00+05:30,28.624,77.253,989.0,31.93,22.11,136.2,221.73,234.6
2020-11-18 11:00:00+05:30,28.669,77.2836,991.43,32.5,30.04,71.33,105.63,113.09
2021-01-30 07:00:00+05:30,28.507,77.2938,992.56,22.07,34.68,95.42,160.11,170.44
2020-12-24 08:00:00+05:30,28.489,77.304,992.36,25.6,36.38,233.35,442.59,497.16
2021-01-20 21:00:00+05:30,28.57,77.253,991.15,30.42,28.32,83.97,136.05,149.09
2021-01-10 08:00:00+05:30,28.579,77.1612,988.9,23.07,36.66,57.0,102.0,113.0
2020-12-14 11:00:00+05:30,28.669,77.2836,994.81,27.48,35.27,57.3,89.49,97.33
2020-12-24 13:00:00+05:30,28.543,77.253,989.76,36.73,18.91,118.0,187.67,205.67
2021-01-27 16:00:00+05:30,28.597,77.1408,988.63,36.18,16.64,51.0,80.0,87.0
2021-01-19 00:00:00+05:30,28.561,77.2224,990.75,28.51,32.73,221.39,372.09,394.73
2020-11-25 20:00:00+05:30,28.579,77.1714,989.03,33.18,28.54,170.31,304.19,324.73
2021-01-23 06:00:00+05:30,28.498,77.2734,986.78,20.66,50.72,66.41,113.45,126.38
2021-01-11 09:00:00+05:30,28.651,77.2326,992.4,21.68,47.0,91.31,143.85,157.65
2020-11-20 10:00:00+05:30,28.651,77.304,994.54,35.07,22.03,91.8,147.1,159.48
2020-12-13 16:00:00+05:30,28.606,77.2326,990.74,36.69,17.9,94.59,152.22,167.33
2021-01-02 15:00:00+05:30,28.606,77.2836,991.84,33.27,23.22,97.5,164.0,177.5
2020-11-02 06:00:00+05:30,28.561,77.253,989.15,29.1,24.03,74.03,122.0,134.73
2021-01-21 12:00:00+05:30,28.615,77.2938,990.79,36.45,17.98,78.14,130.71,146.14
2021-01-11 13:00:00+05:30,28.561,77.253,990.69,27.2,31.76,51.87,85.24,93.52
2021-01-18 19:00:00+05:30,28.543,77.253,988.06,29.78,34.12,144.89,240.56,261.44
2021-01-04 22:00:00+05:30,28.615,77.202,993.03,30.37,37.38,29.0,42.71,50.5
2020-12-18 14:00:00+05:30,28.561,77.2224,992.89,34.4,11.64,59.17,90.67,96.83
2021-01-15 21:00:00+05:30,28.597,77.2326,986.57,27.89,36.94,216.18,396.42,423.81
2021-01-24 11:00:00+05:30,28.606,77.2326,992.07,27.51,42.09,120.11,218.94,243.21
2021-01-07 08:00:00+05:30,28.66,77.2836,989.45,29.37,43.17,60.36,113.44,125.64
2020-11-14 18:00:00+05:30,28.66,77.2836,989.37,33.41,31.96,267.74,547.8,592.2
2020-12-25 19:00:00+05:30,28.615,77.2122,990.46,29.65,25.89,107.83,169.33,183.33
2021-01-01 21:00:00+05:30,28.642,77.3142,993.78,28.53,26.71,199.01,332.96,340.96
2021-01-08 13:00:00+05:30,28.66,77.2836,989.2,29.57,35.41,66.81,144.21,167.93
2021-01-09 12:00:00+05:30,28.588,77.1612,987.74,31.48,33.02,103.11,176.62,192.77
2021-01-22 14:00:00+05:30,28.633,77.2122,990.47,31.27,28.79,116.71,188.54,204.31
2020-12-28 10:00:00+05:30,28.57,77.2632,995.17,30.58,16.75,55.22,86.33,96.11
2021-01-05 17:00:00+05:30,28.516,77.2938,989.81,33.59,36.52,65.7,105.76,117.46
2020-12-21 17:00:00+05:30,28.651,77.2326,990.08,34.95,21.55,115.83,181.98,190.18
2021-01-22 15:00:00+05:30,28.588,77.2122,990.42,33.93,24.48,121.0,194.0,209.5
2020-12-30 12:00:00+05:30,28.588,77.1714,991.97,26.65,28.21,106.0,180.33,196.33
2021-01-20 14:00:00+05:30,28.543,77.253,987.16,30.1,28.59,76.0,126.75,135.5
2021-01-13 22:00:00+05:30,28.543,77.2632,989.78,25.01,33.76,221.54,386.78,414.22
2021-01-24 18:00:00+05:30,28.642,77.2938,989.65,29.51,34.9,121.88,235.73,263.63
2020-11-16 16:00:00+05:30,28.489,77.304,993.07,34.89,36.18,48.21,78.04,89.37
2020-11-14 11:00:00+05:30,28.597,77.1612,987.93,35.06,26.41,207.67,419.33,457.33
2020-12-21 20:00:00+05:30,28.543,77.253,990.49,30.68,23.93,140.0,215.5,236.0
2021-01-20 22:00:00+05:30,28.561,77.2428,989.57,26.04,36.92,93.96,160.54,177.21
2020-12-18 06:00:00+05:30,28.525,77.2632,990.26,15.86,44.47,92.04,147.96,161.09
2021-01-02 10:00:00+05:30,28.561,77.2122,993.57,28.5,38.28,150.32,263.09,292.43
2020-12-31 13:00:00+05:30,28.57,77.1816,992.55,34.16,21.67,112.0,178.5,203.0
2020-11-15 22:00:00+05:30,28.588,77.2224,990.09,30.45,43.61,124.52,228.96,255.17
2020-11-02 08:00:00+05:30,28.579,77.2224,991.88,21.51,36.22,88.14,145.0,165.91
2020-12-19 19:00:00+05:30,28.561,77.253,992.62,31.48,21.79,103.75,161.68,174.53
2020-12-15 08:00:00+05:30,28.561,77.1918,994.25,22.56,41.27,83.11,139.89,155.57
2020-11-04 06:00:00+05:30,28.552,77.253,987.5,27.52,29.55,97.54,163.64,179.21
2020-12-08 18:00:00+05:30,28.633,77.2836,989.06,37.9,22.29,87.04,149.37,161.43
2020-11-03 12:00:00+05:30,28.615,77.2734,990.84,41.23,16.78,95.33,149.33,163.5
2020-11-01 21:00:00+05:30,28.552,77.2632,988.06,31.51,27.67,92.02,140.95,154.34
2020-11-20 09:00:00+05:30,28.543,77.2938,994.19,26.95,33.87,102.07,176.79,195.36
2020-12-29 11:00:00+05:30,28.57,77.2632,995.74,29.74,18.56,55.42,88.0,92.26
2021-01-28 23:00:00+05:30,28.543,77.2734,993.36,28.74,32.51,257.59,474.63,508.27
2021-01-09 18:00:00+05:30,28.615,77.2122,989.21,30.86,34.74,83.57,133.0,142.29
2020-12-22 07:00:00+05:30,28.624,77.2428,991.16,19.88,51.69,191.91,412.55,456.55
2021-01-29 21:00:00+05:30,28.624,77.253,991.34,32.69,25.61,117.78,192.39,204.56
2020-12-19 10:00:00+05:30,28.561,77.2428,991.61,27.72,24.01,123.03,204.14,222.36
2021-01-20 13:00:00+05:30,28.543,77.253,989.02,35.32,23.21,66.0,106.5,119.0
2021-01-12 04:00:00+05:30,28.579,77.2326,991.49,23.41,35.31,105.43,180.94,191.82
2020-12-14 15:00:00+05:30,28.624,77.2734,992.94,30.21,27.09,40.8,62.56,73.84
2020-11-16 14:00:00+05:30,28.633,77.1204,991.29,37.64,30.08,44.17,69.71,79.67
2021-01-25 07:00:00+05:30,28.57,77.2326,993.37,18.97,50.0,83.03,142.21,157.41
2020-11-14 17:00:00+05:30,28.57,77.2326,987.02,34.56,31.47,177.52,335.45,358.68
2020-11-15 11:00:00+05:30,28.642,77.3142,993.68,32.72,26.92,138.95,252.32,281.91
2021-01-22 11:00:00+05:30,28.633,77.2122,993.85,27.57,32.13,109.43,181.3,198.13
2021-01-08 08:00:00+05:30,28.561,77.2224,991.2,25.02,42.26,52.3,92.91,104.05
2021-01-24 07:00:00+05:30,28.606,77.202,989.29,23.2,48.28,166.44,283.73,315.12
2020-12-20 08:00:00+05:30,28.588,77.2326,996.19,21.56,36.98,157.52,262.81,283.13
2020-12-10 12:00:00+05:30,28.57,77.1714,988.61,36.93,24.45,55.61,86.14,91.59
2021-01-24 13:00:00+05:30,28.57,77.2632,992.9,28.35,35.4,77.5,123.0,126.69
2021-01-14 16:00:00+05:30,28.669,77.2224,990.73,29.57,34.41,183.14,326.86,354.29
2020-12-15 06:00:00+05:30,28.57,77.2326,993.78,24.35,32.96,85.33,143.2,155.4
2020-12-09 11:00:00+05:30,28.606,77.2326,992.89,34.97,27.49,126.24,220.77,249.51
2020-11-29 16:00:00+05:30,28.633,77.2836,989.81,35.53,18.45,71.75,119.17,127.5
2020-11-14 07:00:00+05:30,28.651,77.2326,990.97,26.21,44.81,263.15,560.29,612.38
2020-12-19 13:00:00+05:30,28.57,77.202,994.52,31.78,15.56,82.2,130.04,138.8
2021-01-16 12:00:00+05:30,28.543,77.2938,991.86,31.4,29.74,158.17,309.35,357.52
2021-01-03 19:00:00+05:30,28.651,77.3142,990.84,30.48,38.16,78.0,116.68,127.55
2020-11-21 11:00:00+05:30,28.57,77.2326,992.62,29.47,24.08,74.25,115.85,125.06
2020-12-12 06:00:00+05:30,28.498,77.2938,988.58,28.19,43.11,178.15,333.81,364.2
2020-11-16 20:00:00+05:30,28.534,77.2836,990.4,33.68,38.12,73.45,117.22,125.88
2021-01-21 14:00:00+05:30,28.57,77.202,987.34,33.82,18.68,49.25,74.87,81.84
2021-01-19 07:00:00+05:30,28.66,77.3142,990.6,23.2,43.6,166.73,266.27,273.0
2021-01-22 13:00:00+05:30,28.516,77.2734,989.29,25.57,39.57,118.0,189.0,199.0
2020-12-18 15:00:00+05:30,28.57,77.202,992.15,30.84,15.64,33.76,51.03,64.12
2020-11-15 08:00:00+05:30,28.525,77.2836,992.68,30.57,34.58,140.55,247.51,276.65
2020-12-15 14:00:00+05:30,28.615,77.2734,994.64,30.44,25.6,112.25,190.5,214.0
2020-11-18 23:00:00+05:30,28.561,77.2734,991.3,28.56,33.54,98.12,161.92,171.58
2021-01-28 16:00:00+05:30,28.642,77.2938,993.88,33.59,16.84,46.34,72.52,83.85
2021-01-23 17:00:00+05:30,28.597,77.2326,988.97,32.23,30.53,93.57,161.22,177.63
2020-12-22 20:00:00+05:30,28.57,77.2632,991.11,29.98,27.97,156.46,254.11,263.07
2020-11-25 07:00:00+05:30,28.615,77.202,993.14,24.39,40.92,181.81,327.15,348.69
2021-01-01 10:00:00+05:30,28.624,77.2122,996.12,26.33,32.65,273.15,600.8,672.28
2020-12-08 18:00:00+05:30,28.606,77.2122,989.62,35.38,30.77,63.69,92.62,99.44
2020-12-24 17:00:00+05:30,28.561,77.2632,990.5,33.66,21.17,82.31,141.11,158.82
2021-01-19 11:00:00+05:30,28.588,77.2326,989.43,26.06,43.59,184.68,352.58,386.37
2021-01-09 06:00:00+05:30,28.57,77.2632,991.58,27.53,38.34,85.43,160.43,198.65
2021-01-07 10:00:00+05:30,28.642,77.2938,994.43,33.35,31.94,87.62,147.76,168.06
2020-12-25 15:00:00+05:30,28.66,77.1306,991.07,36.29,16.0,54.84,84.47,91.49
2020-12-06 07:00:00+05:30,28.516,77.2836,991.23,24.68,48.81,139.0,256.12,273.25
2020-11-22 09:00:00+05:30,28.498,77.2938,992.67,26.47,28.68,138.65,234.7,254.08
2021-01-18 17:00:00+05:30,28.624,77.2734,990.38,35.12,23.32,66.67,101.62,104.15
2020-12-13 13:00:00+05:30,28.615,77.2326,991.21,27.82,30.14,36.45,59.5,71.27
2021-01-02 10:00:00+05:30,28.543,77.1714,990.26,29.01,40.64,107.5,175.5,189.5
2020-12-21 21:00:00+05:30,28.606,77.2734,992.8,30.27,22.95,143.21,235.42,256.37
2020-12-06 10:00:00+05:30,28.489,77.2938,999.74,31.06,38.28,144.0,269.5,296.0
2021-01-11 10:00:00+05:30,28.633,77.2836,995.55,28.13,28.98,84.73,140.48,154.86
2020-12-26 14:00:00+05:30,28.624,77.1306,990.38,36.65,17.22,81.43,128.18,139.82
2021-01-14 09:00:00+05:30,28.543,77.2632,991.85,21.8,46.67,220.27,459.32,501.5
2020-12-22 16:00:00+05:30,28.489,77.304,990.57,40.74,10.19,93.48,147.47,157.01
2020-12-29 14:00:00+05:30,28.516,77.2938,992.95,33.11,18.62,66.03,102.12,109.2
2020-12-31 08:00:00+05:30,28.651,77.3142,996.4,17.32,46.81,112.33,186.36,192.73
2021-01-12 06:00:00+05:30,28.57,77.2632,993.29,22.65,38.42,127.64,230.73,268.82
2020-12-19 22:00:00+05:30,28.489,77.304,995.24,28.96,26.06,188.78,296.56,313.92
2020-12-22 21:00:00+05:30,28.66,77.3142,991.81,28.84,31.31,224.95,412.86,433.5
2021-01-27 07:00:00+05:30,28.525,77.2836,992.54,21.26,43.98,118.19,186.77,197.98
2020-12-16 16:00:00+05:30,28.633,77.2122,995.95,29.6,21.1,37.8,58.8,71.09
2020-12-15 10:00:00+05:30,28.588,77.202,995.08,28.49,32.06,67.88,109.7,123.45
2021-01-18 15:00:00+05:30,28.57,77.2632,991.06,34.03,23.51,53.0,83.55,85.3
2020-12-25 07:00:00+05:30,28.615,77.2938,994.62,26.4,32.04,127.5,211.0,232.33
2021-01-02 01:00:00+05:30,28.561,77.2428,994.25,29.0,33.49,160.98,295.74,324.09
2021-01-20 11:00:00+05:30,28.579,77.253,993.17,31.02,26.51,68.46,105.91,110.37
2020-12-31 06:00:00+05:30,28.633,77.2734,995.12,22.5,37.57,119.67,210.33,238.33
2020-12-28 06:00:00+05:30,28.534,77.2632,988.83,17.89,39.02,83.56,137.12,151.94
2020-12-09 17:00:00+05:30,28.543,77.2632,985.98,36.34,25.54,65.04,97.23,108.23
2021-01-21 05:00:00+05:30,28.57,77.253,988.62,23.78,38.31,164.69,305.08,338.15
2020-11-20 16:00:00+05:30,28.615,77.1306,987.08,37.16,16.81,40.15,62.47,73.47
2021-01-27 11:00:00+05:30,28.561,77.253,993.67,30.2,26.29,105.33,172.15,183.79
2021-01-28 10:00:00+05:30,28.606,77.2734,996.71,28.64,30.31,175.98,318.05,347.7
2020-12-29 19:00:00+05:30,28.579,77.2632,993.41,29.54,23.01,88.65,143.82,164.0
2020-11-02 14:00:00+05:30,28.561,77.253,989.5,40.16,12.39,118.28,191.19,204.16
2020-12-09 12:00:00+05:30,28.615,77.2122,991.95,33.86,24.81,105.75,173.25,186.75
2020-12-23 17:00:00+05:30,28.66,77.2326,988.38,32.24,27.18,105.17,159.57,169.35
2020-11-21 12:00:00+05:30,28.606,77.2632,993.85,34.06,20.43,48.0,76.5,81.0
2020-11-24 07:00:00+05:30,28.489,77.304,992.15,25.04,38.22,194.7,308.5,333.2
2021-01-14 05:00:00+05:30,28.579,77.253,991.34,15.61,49.35,222.0,440.0,507.0
2021-01-30 22:00:00+05:30,28.606,77.2326,991.11,30.1,27.45,126.14,198.5,216.68
2020-12-30 13:00:00+05:30,28.624,77.2326,986.1,24.6,37.6,111.17,185.2,200.34
2021-01-17 18:00:00+05:30,28.57,77.202,990.58,26.58,35.64,127.16,217.59,235.64
2021-01-17 23:00:00+05:30,28.57,77.2224,992.51,21.91,43.18,128.71,248.43,281.86
2021-01-11 16:00:00+05:30,28.588,77.253,991.99,31.54,24.49,49.67,82.28,93.41
2020-11-01 11:00:00+05:30,28.66,77.2224,991.79,37.21,23.89,145.7,241.34,254.67
2020-11-21 05:00:00+05:30,28.534,77.2836,989.7,20.28,41.17,92.76,145.38,156.97
2020-12-17 11:00:00+05:30,28.543,77.1918,996.61,17.26,42.16,86.72,151.88,167.44
2021-01-10 09:00:00+05:30,28.597,77.2632,994.28,27.55,29.12,48.27,85.6,96.67
2021-01-24 07:00:00+05:30,28.615,77.202,989.02,23.27,48.53,171.86,293.38,328.98
2020-11-28 10:00:00+05:30,28.561,77.1918,996.51,30.5,27.03,86.63,134.37,149.58
2020-12-21 11:00:00+05:30,28.615,77.202,994.33,31.97,24.1,143.52,228.85,245.08
2021-01-25 07:00:00+05:30,28.642,77.2938,994.18,20.9,44.44,59.66,105.09,110.51
2020-11-14 22:00:00+05:30,28.552,77.253,991.55,27.19,43.47,198.86,347.57,367.43
2020-12-27 09:00:00+05:30,28.669,77.2224,990.97,20.26,51.88,248.45,429.3,463.25
2021-01-17 09:00:00+05:30,28.651,77.2326,991.64,24.43,39.2,136.03,227.57,252.07
2020-12-28 13:00:00+05:30,28.516,77.2938,993.31,32.19,13.64,32.72,48.75,62.97
2020-12-25 10:00:00+05:30,28.597,77.2326,981.54,20.45,45.33,142.38,255.42,275.17
2020-12-25 15:00:00+05:30,28.606,77.2632,991.17,32.18,17.65,38.2,62.2,71.6
2020-12-17 14:00:00+05:30,28.57,77.1714,993.3,29.22,24.16,60.64,99.72,115.36
2020-12-26 14:00:00+05:30,28.66,77.2734,991.69,29.11,28.01,102.4,160.4,173.8
2021-01-11 16:00:00+05:30,28.543,77.2632,987.99,31.12,26.6,50.09,85.14,92.07
2020-11-13 20:00:00+05:30,28.669,77.2734,992.37,35.02,30.08,193.17,315.42,343.06
2020-11-24 19:00:00+05:30,28.624,77.2632,988.28,29.01,27.16,164.64,297.78,331.69
2021-01-30 06:00:00+05:30,28.579,77.2326,986.62,20.71,40.39,135.95,232.04,250.63
2021-01-06 22:00:00+05:30,28.615,77.2938,992.02,32.2,35.45,76.55,124.8,128.75
2021-01-24 07:00:00+05:30,28.66,77.304,991.56,24.85,42.7,138.54,218.69,221.92
2021-01-14 21:00:00+05:30,28.498,77.2938,990.83,28.29,32.87,248.79,490.37,529.21
2020-12-03 19:00:00+05:30,28.552,77.2632,990.51,31.08,31.31,140.17,250.76,276.1
2021-01-02 21:00:00+05:30,28.642,77.304,991.76,32.05,19.97,136.49,214.92,219.37
2021-01-18 13:00:00+05:30,28.651,77.2428,991.61,33.45,30.71,115.56,184.33,201.53
2021-01-16 15:00:00+05:30,28.66,77.1306,986.53,33.04,23.65,93.85,168.99,183.96
2021-01-29 16:00:00+05:30,28.507,77.2938,989.7,33.39,18.0,54.04,93.78,102.51
2020-12-04 17:00:00+05:30,28.561,77.2224,994.74,30.38,41.0,140.04,269.07,302.67
2020-11-22 08:00:00+05:30,28.624,77.1306,991.73,28.66,24.48,124.4,230.34,251.97
2021-01-02 20:00:00+05:30,28.561,77.2836,995.15,28.16,46.67,97.11,150.22,165.44
2021-01-26 17:00:00+05:30,28.57,77.2224,991.86,29.52,26.33,88.05,141.02,149.95
2021-01-09 10:00:00+05:30,28.615,77.202,993.05,29.3,35.0,97.94,158.3,171.19
2021-01-06 12:00:00+05:30,28.606,77.2836,993.21,35.28,32.07,342.4,687.8,737.6
2020-11-05 11:00:00+05:30,28.66,77.2122,990.59,39.65,22.49,155.94,264.47,280.41
2021-01-03 22:00:00+05:30,28.543,77.253,988.58,29.35,40.12,76.29,111.71,116.57
2020-11-15 19:00:00+05:30,28.543,77.2734,988.07,33.41,34.55,79.79,129.74,143.44
2021-01-13 20:00:00+05:30,28.561,77.2122,989.72,26.37,33.32,192.46,318.24,341.42
2020-11-04 17:00:00+05:30,28.597,77.2326,986.05,37.07,28.34,243.9,443.27,472.2
2020-12-10 21:00:00+05:30,28.624,77.3142,991.71,34.74,26.2,84.76,136.19,150.76
2021-01-23 22:00:00+05:30,28.669,77.2836,987.39,30.07,34.69,153.97,288.79,314.75
2020-11-16 18:00:00+05:30,28.561,77.1816,990.12,34.71,35.12,51.66,79.41,85.48
2021-01-14 11:00:00+05:30,28.507,77.2938,996.19,27.29,35.04,226.02,421.62,456.75
2021-01-30 16:00:00+05:30,28.66,77.304,991.45,37.02,11.83,37.2,52.4,63.8
2020-11-29 15:00:00+05:30,28.579,77.2224,993.02,30.6,21.0,82.5,127.25,132.0
2020-11-15 19:00:00+05:30,28.651,77.304,990.0,33.71,31.77,81.5,133.95,145.31
2021-01-19 06:00:00+05:30,28.507,77.2938,988.66,20.9,51.16,226.56,435.25,469.01
2021-01-25 10:00:00+05:30,28.561,77.2224,996.07,27.31,32.88,86.68,149.68,172.51
2021-01-09 06:00:00+05:30,28.597,77.1612,987.05,25.77,42.2,73.71,124.93,142.0
2021-01-05 16:00:00+05:30,28.579,77.2326,990.2,32.26,41.11,77.24,118.39,127.59
2021-01-28 21:00:00+05:30,28.579,77.2224,993.27,23.5,39.99,242.03,411.42,446.81
2021-01-25 21:00:00+05:30,28.66,77.3142,994.44,30.5,30.47,132.62,199.11,205.18
2021-01-12 20:00:00+05:30,28.561,77.1816,989.23,25.78,34.31,186.56,319.11,343.89
2021-01-02 08:00:00+05:30,28.606,77.2734,993.6,27.39,30.27,180.91,327.04,361.26
2020-11-23 07:00:00+05:30,28.651,77.1204,992.18,28.0,27.21,161.8,297.78,328.71
2021-01-18 17:00:00+05:30,28.651,77.2326,989.51,34.04,27.87,90.85,144.53,157.19
2021-01-27 15:00:00+05:30,28.561,77.2326,991.89,35.64,15.6,47.61,70.82,78.53
2021-01-09 08:00:00+05:30,28.669,77.2224,992.49,24.16,47.79,102.62,175.75,192.75
2020-12-14 10:00:00+05:30,28.633,77.2938,995.19,30.55,29.61,52.24,82.74,91.48
2020-11-20 21:00:00+05:30,28.561,77.2326,991.45,29.87,27.14,88.0,137.82,146.14
2020-11-18 14:00:00+05:30,28.561,77.1918,987.97,35.99,21.77,54.45,83.79,89.34
2020-12-17 22:00:00+05:30,28.579,77.2428,993.22,22.56,31.99,164.8,261.6,270.53
2020-11-30 09:00:00+05:30,28.606,77.2326,989.46,26.27,35.2,119.44,191.05,204.98
2021-01-03 08:00:00+05:30,28.561,77.2428,990.04,14.64,57.97,91.28,156.53,170.97
2021-01-25 16:00:00+05:30,28.552,77.2632,990.11,30.62,26.91,65.35,115.61,127.11
2021-01-21 10:00:00+05:30,28.615,77.2836,991.21,31.77,25.88,109.0,186.16,205.24
2020-12-29 08:00:00+05:30,28.516,77.2938,994.2,25.36,28.75,116.0,192.12,213.62
2020-12-03 11:00:00+05:30,28.489,77.2938,991.19,32.26,28.61,119.88,193.75,214.12
2021-01-25 12:00:00+05:30,28.561,77.2428,995.1,27.5,32.26,100.68,189.72,212.06
2020-12-18 07:00:00+05:30,28.642,77.3142,994.92,18.95,36.83,118.39,200.78,213.47
2020-12-26 20:00:00+05:30,28.516,77.2836,991.12,30.53,27.81,205.85,339.54,374.38
2020-11-16 17:00:00+05:30,28.543,77.2632,988.73,31.97,40.6,54.84,87.58,93.76
2021-01-08 18:00:00+05:30,28.633,77.2122,989.42,29.23,36.53,92.62,154.61,173.25
2020-11-20 19:00:00+05:30,28.633,77.2122,990.64,28.25,27.94,86.74,138.57,150.34
2020-12-28 17:00:00+05:30,28.642,77.2326,990.66,29.98,19.82,34.7,52.73,68.0
2020-11-03 07:00:00+05:30,28.561,77.2428,989.54,27.46,35.73,125.84,199.1,216.22
2020-12-30 10:00:00+05:30,28.552,77.253,986.23,20.1,44.96,112.74,191.74,207.05
2021-01-05 11:00:00+05:30,28.651,77.2326,993.51,30.68,40.31,88.45,135.57,145.31
2020-11-19 18:00:00+05:30,28.633,77.2938,986.65,34.66,20.77,85.67,138.73,146.09
2020-11-25 20:00:00+05:30,28.561,77.2326,991.5,32.32,32.29,175.66,314.14,344.6
2020-12-31 21:00:00+05:30,28.579,77.2326,991.58,25.98,32.87,166.26,283.36,307.44
2020-12-23 16:00:00+05:30,28.57,77.253,990.11,34.2,19.83,100.73,170.27,190.91
2021-01-12 12:00:00+05:30,28.615,77.2326,994.38,30.08,30.81,107.41,178.67,202.47
2021-01-21 17:00:00+05:30,28.498,77.2938,987.76,36.88,17.42,53.57,85.62,95.94
2020-12-21 12:00:00+05:30,28.534,77.2836,998.56,33.24,21.27,102.82,166.26,178.56
2020-12-19 18:00:00+05:30,28.633,77.2122,993.74,29.56,19.76,88.67,154.83,184.78
2021-01-17 22:00:00+05:30,28.615,77.202,993.36,28.67,29.15,100.95,172.86,190.5
2020-12-30 08:00:00+05:30,28.552,77.2632,991.9,21.13,38.96,104.38,180.3,198.03
2020-12-04 08:00:00+05:30,28.669,77.2734,987.62,29.16,38.65,224.85,436.58,472.19
2020-12-07 11:00:00+05:30,28.579,77.1714,992.21,33.67,32.08,139.0,238.0,288.0
2020-11-04 12:00:00+05:30,28.606,77.2326,989.53,38.21,23.04,218.03,440.88,479.24
2021-01-23 07:00:00+05:30,28.651,77.304,990.38,23.79,40.02,71.42,126.74,141.09
2020-12-08 21:00:00+05:30,28.588,77.2326,992.03,29.38,37.59,151.59,249.09,265.16
2020-12-17 15:00:00+05:30,28.66,77.1306,995.54,29.25,23.83,49.35,83.43,92.24
2020-12-17 17:00:00+05:30,28.498,77.2734,991.45,25.4,28.11,80.6,128.2,137.4
2020-12-16 16:00:00+05:30,28.552,77.2632,994.65,32.62,17.06,38.38,59.2,71.8
2020-12-26 06:00:00+05:30,28.57,77.1714,988.82,23.32,36.48,120.2,198.65,222.4
2021-01-01 20:00:00+05:30,28.507,77.2938,991.39,28.93,29.9,251.75,470.73,510.62
2020-12-22 12:00:00+05:30,28.525,77.2632,991.82,28.95,30.66,169.09,295.96,326.85
2020-12-17 22:00:00+05:30,28.624,77.2122,994.92,29.82,21.2,147.51,242.78,266.13
2021-01-02 06:00:00+05:30,28.489,77.2938,992.41,23.39,37.91,191.02,348.5,374.41
2021-01-25 12:00:00+05:30,28.561,77.2326,995.42,27.52,31.84,86.79,156.26,177.93
2020-12-17 05:00:00+05:30,28.543,77.253,994.22,15.75,47.08,66.0,114.14,129.14
2020-11-08 17:00:00+05:30,28.66,77.2734,990.31,35.9,22.42,180.25,348.25,384.25
2021-01-14 16:00:00+05:30,28.66,77.2326,990.22,30.36,34.55,180.82,322.88,345.71
2021-01-23 20:00:00+05:30,28.561,77.202,986.83,30.41,33.13,152.35,267.29,291.39
2020-12-03 19:00:00+05:30,28.552,77.2734,990.97,31.93,30.83,148.0,263.6,281.0
2020-12-10 21:00:00+05:30,28.633,77.2734,991.18,30.48,38.14,98.4,145.0,155.6
2020-12-09 15:00:00+05:30,28.597,77.202,989.35,34.19,23.23,69.54,109.24,116.37
2021-01-18 06:00:00+05:30,28.579,77.2326,993.05,21.06,50.77,112.28,207.07,226.15
2020-11-15 00:00:00+05:30,28.642,77.2938,988.66,35.6,28.57,106.23,162.64,172.32
2021-01-02 16:00:00+05:30,28.651,77.2428,990.21,32.34,27.06,142.64,225.56,239.2
2021-01-25 16:00:00+05:30,28.597,77.2632,993.14,32.95,23.09,58.71,90.53,92.88
2020-11-21 08:00:00+05:30,28.615,77.2836,993.23,26.79,28.47,98.27,162.91,180.59
2021-01-25 14:00:00+05:30,28.606,77.2836,994.64,32.84,24.48,74.0,135.0,151.0
2021-01-02 08:00:00+05:30,28.534,77.2734,994.01,26.08,33.41,173.43,323.17,363.89
2021-01-01 20:00:00+05:30,28.552,77.2632,991.72,28.85,29.75,232.05,418.91,448.81
2020-12-26 19:00:00+05:30,28.525,77.2836,990.0,31.26,25.16,166.96,280.69,303.78
2020-11-16 08:00:00+05:30,28.489,77.304,993.29,30.16,42.1,92.94,154.41,165.58
2021-01-23 12:00:00+05:30,28.66,77.2224,990.21,30.36,32.37,88.92,143.48,155.28
2020-12-06 10:00:00+05:30,28.561,77.2428,994.27,30.23,38.53,162.2,299.41,325.08
2020-11-16 22:00:00+05:30,28.543,77.253,983.17,29.16,46.48,93.0,148.33,157.33
2021-01-01 10:00:00+05:30,28.579,77.1612,992.88,28.51,29.71,227.0,459.0,506.0
2021-01-25 12:00:00+05:30,28.651,77.304,996.8,28.26,28.88,61.76,97.64,100.4
2020-12-18 22:00:00+05:30,28.552,77.253,995.1,26.17,31.32,172.95,275.32,291.86
2020-12-19 13:00:00+05:30,28.498,77.2938,994.37,33.47,15.66,80.5,126.66,137.71
2020-11-04 07:00:00+05:30,28.516,77.2938,988.44,26.28,33.11,101.58,164.58,182.0
2020-12-20 07:00:00+05:30,28.633,77.2836,996.97,26.4,27.08,123.68,210.56,235.32
2020-11-29 17:00:00+05:30,28.633,77.2122,990.23,39.82,18.34,57.0,86.29,93.71
2021-01-09 16:00:00+05:30,28.633,77.304,990.34,35.38,27.83,125.21,218.5,240.74
2020-12-10 07:00:00+05:30,28.561,77.253,989.61,24.9,48.9,121.57,191.67,206.0
2020-11-28 13:00:00+05:30,28.561,77.2326,994.26,31.6,23.39,70.67,106.5,114.0
2020-12-13 16:00:00+05:30,28.588,77.1612,991.75,21.19,54.74,30.11,47.53,58.79
2021-01-08 08:00:00+05:30,28.561,77.2326,988.51,24.38,44.65,51.56,96.09,110.96
2020-11-22 18:00:00+05:30,28.633,77.2836,989.61,35.78,14.16,67.21,110.07,118.54
2021-01-28 18:00:00+05:30,28.489,77.2938,992.19,31.84,27.78,154.55,256.14,275.27
2020-12-15 07:00:00+05:30,28.633,77.2938,995.43,20.76,46.46,60.16,101.42,113.84
2021-01-01 11:00:00+05:30,28.624,77.2122,996.16,27.06,30.92,274.21,600.68,676.86
2020-11-22 08:00:00+05:30,28.633,77.2224,993.87,22.54,36.41,154.58,279.97,302.02
2020-12-21 05:00:00+05:30,28.561,77.2326,991.64,23.74,36.08,126.88,200.0,214.75
2021-01-30 13:00:00+05:30,28.597,77.202,992.43,36.36,16.75,71.36,117.36,125.82
2021-01-29 05:00:00+05:30,28.579,77.2224,993.55,20.9,45.62,178.05,316.42,337.88
2021-01-04 12:00:00+05:30,28.66,77.3142,993.09,33.72,34.64,94.37,137.01,140.41
2020-12-04 13:00:00+05:30,28.552,77.2938,991.23,41.12,19.08,94.21,162.54,181.96
2021-01-26 18:00:00+05:30,28.561,77.2428,991.72,30.98,23.53,79.74,127.81,138.86
2020-11-15 05:00:00+05:30,28.597,77.2326,991.97,27.21,49.61,63.62,97.46,102.46
2020-12-01 10:00:00+05:30,28.633,77.304,996.63,35.83,23.2,156.0,276.33,308.33
2021-01-30 19:00:00+05:30,28.498,77.2938,990.34,33.55,18.45,100.74,162.51,175.34
2020-12-15 21:00:00+05:30,28.534,77.2836,995.01,27.0,32.49,129.79,256.09,277.44
2021-01-27 14:00:00+05:30,28.525,77.2836,991.22,35.95,16.86,58.65,93.51,101.04
2020-11-30 13:00:00+05:30,28.552,77.1612,990.78,38.52,16.9,92.5,149.0,155.83
2021-01-11 22:00:00+05:30,28.561,77.253,991.6,25.65,36.54,112.82,185.8,199.12
2021-01-27 20:00:00+05:30,28.642,77.304,993.99,31.18,23.67,136.32,222.16,241.78
2020-12-23 17:00:00+05:30,28.597,77.2632,988.77,32.31,21.75,96.53,155.95,159.74
2020-12-27 13:00:00+05:30,28.561,77.2734,990.04,36.71,20.47,141.33,244.33,266.39
2020-12-27 13:00:00+05:30,28.651,77.2836,987.23,31.63,27.13,141.48,264.77,282.82
2021-01-11 13:00:00+05:30,28.624,77.2428,990.02,31.21,25.03,49.77,87.1,93.43
2020-12-25 10:00:00+05:30,28.561,77.2326,992.54,27.1,33.08,134.69,228.67,248.22
2021-01-10 19:00:00+05:30,28.57,77.1714,987.87,25.84,33.6,99.45,177.8,203.0
2020-12-19 15:00:00+05:30,28.606,77.202,992.86,28.59,19.63,50.31,77.07,83.36
2021-01-17 17:00:00+05:30,28.633,77.2836,991.84,31.06,30.13,110.77,177.26,181.83
2020-12-06 07:00:00+05:30,28.615,77.2326,990.71,27.3,46.95,157.11,261.43,286.32
